-- phpMyAdmin SQL Dump
-- version 5.2.0
-- https://www.phpmyadmin.net/
--
-- Хост: 127.0.0.1:3306
-- Время создания: Июн 17 2025 г., 00:48
-- Версия сервера: 8.0.30
-- Версия PHP: 7.2.34

SET SQL_MODE = "NO_AUTO_VALUE_ON_ZERO";
START TRANSACTION;
SET time_zone = "+00:00";


/*!40101 SET @OLD_CHARACTER_SET_CLIENT=@@CHARACTER_SET_CLIENT */;
/*!40101 SET @OLD_CHARACTER_SET_RESULTS=@@CHARACTER_SET_RESULTS */;
/*!40101 SET @OLD_COLLATION_CONNECTION=@@COLLATION_CONNECTION */;
/*!40101 SET NAMES utf8mb4 */;

--
-- База данных: `stuid`
--

DELIMITER $$
--
-- Процедуры
--
CREATE DEFINER=`root`@`%` PROCEDURE `VerifyUserPassword` (IN `p_email` VARCHAR(50), IN `p_password` VARCHAR(128))   BEGIN
    DECLARE user_salt CHAR(64);
    DECLARE stored_password CHAR(128);
    DECLARE user_id INT;

    SELECT salt, password, id INTO user_salt, stored_password, user_id
    FROM users
    WHERE email = p_email
    LIMIT 1;

    IF user_salt IS NULL THEN
        SELECT FALSE AS IsValid, NULL AS UserId;
    ELSE
        IF SHA2(CONCAT(p_password, user_salt), 512) = stored_password THEN
            SELECT TRUE AS IsValid, user_id AS UserId;
        ELSE
            SELECT FALSE AS IsValid, NULL AS UserId;
        END IF;
    END IF;
END$$

DELIMITER ;

-- --------------------------------------------------------

--
-- Структура таблицы `chapters_subtask`
--

CREATE TABLE `chapters_subtask` (
  `id` int NOT NULL,
  `task_id` int NOT NULL,
  `name` varchar(100) CHARACTER SET utf8mb4 COLLATE utf8mb4_0900_ai_ci NOT NULL
) ENGINE=InnoDB DEFAULT CHARSET=utf8mb4 COLLATE=utf8mb4_0900_ai_ci;

--
-- Дамп данных таблицы `chapters_subtask`
--

INSERT INTO `chapters_subtask` (`id`, `task_id`, `name`) VALUES
(19, 83, 'Формы'),
(20, 83, 'Таблицы'),
(21, 84, 'Диаграммы'),
(22, 85, 'Тесты регистрации'),
(23, 86, 'Цвета'),
(24, 87, 'Авторизация'),
(26, 88, 'Яп'),
(28, 91, 'Новые'),
(29, 91, 'В работе'),
(30, 91, 'Выполненные'),
(31, 92, 'Новые'),
(32, 92, 'В работе'),
(33, 92, 'Выполненные'),
(40, 95, 'Новые'),
(41, 95, 'В работе'),
(42, 95, 'Выполненные'),
(46, 97, 'Новые'),
(47, 97, 'В работе'),
(48, 97, 'Выполненные');

-- --------------------------------------------------------

--
-- Структура таблицы `chapters_task`
--

CREATE TABLE `chapters_task` (
  `id` int NOT NULL,
  `project_id` int NOT NULL,
  `name` varchar(100) NOT NULL
) ENGINE=InnoDB DEFAULT CHARSET=utf8mb4 COLLATE=utf8mb4_0900_ai_ci;

--
-- Дамп данных таблицы `chapters_task`
--

INSERT INTO `chapters_task` (`id`, `project_id`, `name`) VALUES
(26, 34, 'Планирование'),
(27, 34, 'Анализ'),
(28, 34, 'Разработка'),
(29, 35, 'Подготовка тестов'),
(30, 35, 'Баг-репорты'),
(31, 36, 'Макеты'),
(32, 36, 'Цветовая палитра'),
(33, 37, 'API'),
(34, 37, 'Базы данных'),
(35, 38, 'Верстка'),
(36, 38, 'JS логика'),
(39, 41, 'Новые'),
(40, 41, 'В работе'),
(41, 41, 'Выполненные'),
(42, 42, 'Новые'),
(43, 42, 'В работе'),
(44, 42, 'Выполненные'),
(45, 43, 'Новые'),
(46, 43, 'В работе'),
(47, 43, 'Выполненные'),
(73, 52, 'Новые'),
(74, 52, 'В работе'),
(75, 52, 'Выполненные');

-- --------------------------------------------------------

--
-- Структура таблицы `participants`
--

CREATE TABLE `participants` (
  `id` int NOT NULL,
  `project_id` int NOT NULL,
  `user_id` int NOT NULL
) ENGINE=InnoDB DEFAULT CHARSET=utf8mb4 COLLATE=utf8mb4_0900_ai_ci;

--
-- Дамп данных таблицы `participants`
--

INSERT INTO `participants` (`id`, `project_id`, `user_id`) VALUES
(36, 34, 34),
(37, 34, 35),
(38, 34, 36),
(39, 35, 37),
(40, 35, 38),
(41, 36, 34),
(42, 36, 35),
(43, 37, 36),
(44, 37, 37),
(45, 38, 38),
(46, 38, 34),
(47, 41, 35),
(48, 41, 36),
(49, 41, 38),
(57, 35, 34),
(62, 52, 34),
(63, 52, 36);

-- --------------------------------------------------------

--
-- Структура таблицы `projects`
--

CREATE TABLE `projects` (
  `id` int NOT NULL,
  `name` varchar(100) NOT NULL,
  `description` text NOT NULL,
  `is_public` tinyint(1) NOT NULL,
  `creator` int NOT NULL,
  `is_archive` tinyint(1) NOT NULL
) ENGINE=InnoDB DEFAULT CHARSET=utf8mb4 COLLATE=utf8mb4_0900_ai_ci;

--
-- Дамп данных таблицы `projects`
--

INSERT INTO `projects` (`id`, `name`, `description`, `is_public`, `creator`, `is_archive`) VALUES
(34, 'Проект Альфа', 'Разработка MVP продукта', 1, 34, 0),
(35, 'Проект Бета', 'Тестирование и багфиксы', 0, 35, 0),
(36, 'Проект Гамма', 'UX/UI дизайн', 1, 36, 0),
(37, 'Проект Дельта', 'Backend разработка', 0, 37, 0),
(38, 'Проект Эпсилон', 'Фронтенд интеграция', 0, 38, 0),
(41, 'Про', '', 0, 34, 1),
(42, 'Прол', '', 1, 34, 1),
(43, 'Большое название проекта', '', 1, 34, 1),
(52, 'Лру', '', 0, 35, 0);

-- --------------------------------------------------------

--
-- Структура таблицы `subtasks`
--

CREATE TABLE `subtasks` (
  `id` int NOT NULL,
  `task_id` int NOT NULL,
  `name` varchar(100) CHARACTER SET utf8mb4 COLLATE utf8mb4_0900_ai_ci NOT NULL,
  `description` text CHARACTER SET utf8mb4 COLLATE utf8mb4_0900_ai_ci NOT NULL,
  `responsible` int NOT NULL,
  `creator_id` int NOT NULL,
  `chapter_id` int NOT NULL,
  `position` int NOT NULL
) ENGINE=InnoDB DEFAULT CHARSET=utf8mb4 COLLATE=utf8mb4_0900_ai_ci;

--
-- Дамп данных таблицы `subtasks`
--

INSERT INTO `subtasks` (`id`, `task_id`, `name`, `description`, `responsible`, `creator_id`, `chapter_id`, `position`) VALUES
(35, 83, 'Создать форму входа', 'HTML + CSS', 34, 34, 19, 1),
(36, 83, 'Создать форму регистрации', 'Валидация полей', 35, 34, 19, 2),
(37, 84, 'Добавить диаграмму классов', 'UML диаграмма', 36, 35, 21, 1),
(38, 85, 'Написать тест регистрации', 'Selenium', 37, 36, 22, 1),
(39, 86, 'Выбрать цветовую палитру', 'Цвета интерфейса', 38, 37, 23, 1),
(47, 92, 'Аенр', '', 35, 34, 32, 0),
(48, 92, 'Ва', '', 35, 34, 31, 0);

-- --------------------------------------------------------

--
-- Структура таблицы `tasks`
--

CREATE TABLE `tasks` (
  `id` int NOT NULL,
  `project_id` int NOT NULL,
  `name` varchar(100) CHARACTER SET utf8mb4 COLLATE utf8mb4_0900_ai_ci NOT NULL,
  `description` text CHARACTER SET utf8mb4 COLLATE utf8mb4_0900_ai_ci NOT NULL,
  `chapter_id` int NOT NULL,
  `creator_id` int NOT NULL,
  `position` int NOT NULL
) ENGINE=InnoDB DEFAULT CHARSET=utf8mb4 COLLATE=utf8mb4_0900_ai_ci;

--
-- Дамп данных таблицы `tasks`
--

INSERT INTO `tasks` (`id`, `project_id`, `name`, `description`, `chapter_id`, `creator_id`, `position`) VALUES
(83, 34, 'Собрать требования', 'Описать все функциональные модули', 26, 34, 1),
(84, 34, 'Создать техническое задание', 'Документ с описанием требований', 27, 35, 2),
(85, 35, 'Написать тесткейсы', 'Покрытие основных сценариев', 29, 36, 1),
(86, 36, 'Создать UI-компоненты', 'Дизайн кнопок, форм и карточек', 32, 37, 1),
(87, 37, 'Реализовать REST API', 'Создать эндпоинты для клиентской части', 35, 38, 1),
(88, 34, 'Проверка', '', 26, 34, 0),
(91, 41, 'Прол', '', 39, 34, 0),
(92, 41, 'Ыва', '', 39, 34, 0),
(95, 35, 'Написать модульные тесты', '', 29, 35, 0),
(97, 52, 'Яср', '', 73, 35, 0);

-- --------------------------------------------------------

--
-- Структура таблицы `task_responsible`
--

CREATE TABLE `task_responsible` (
  `id` int NOT NULL,
  `task_id` int NOT NULL,
  `user_id` int NOT NULL
) ENGINE=InnoDB DEFAULT CHARSET=utf8mb4 COLLATE=utf8mb4_0900_ai_ci;

--
-- Дамп данных таблицы `task_responsible`
--

INSERT INTO `task_responsible` (`id`, `task_id`, `user_id`) VALUES
(1, 83, 34),
(2, 83, 35),
(3, 84, 36),
(5, 86, 38),
(6, 88, 39),
(7, 88, 34),
(10, 91, 35),
(22, 92, 36),
(23, 92, 35),
(31, 85, 37),
(32, 95, 34),
(45, 97, 34);

-- --------------------------------------------------------

--
-- Структура таблицы `users`
--

CREATE TABLE `users` (
  `id` int NOT NULL,
  `email` varchar(50) CHARACTER SET utf8mb4 COLLATE utf8mb4_0900_ai_ci NOT NULL,
  `password` char(128) CHARACTER SET utf8mb4 COLLATE utf8mb4_0900_ai_ci NOT NULL,
  `salt` char(64) CHARACTER SET utf8mb4 COLLATE utf8mb4_0900_ai_ci NOT NULL,
  `lastname` varchar(50) CHARACTER SET utf8mb4 COLLATE utf8mb4_0900_ai_ci NOT NULL,
  `firstname` varchar(50) CHARACTER SET utf8mb4 COLLATE utf8mb4_0900_ai_ci NOT NULL,
  `middlename` varchar(50) CHARACTER SET utf8mb4 COLLATE utf8mb4_0900_ai_ci NOT NULL,
  `description` text CHARACTER SET utf8mb4 COLLATE utf8mb4_0900_ai_ci,
  `photo` blob,
  `last_activity` datetime DEFAULT NULL,
  `fcm_token` varchar(142) NOT NULL
) ENGINE=InnoDB DEFAULT CHARSET=utf8mb4 COLLATE=utf8mb4_0900_ai_ci;

--
-- Дамп данных таблицы `users`
--

INSERT INTO `users` (`id`, `email`, `password`, `salt`, `lastname`, `firstname`, `middlename`, `description`, `photo`, `last_activity`, `fcm_token`) VALUES
(34, 'nikolay.rusanov@yandex.ru', '07640cd2018404a678e0a18f7c20adff4f9081a2651d0528d05bf642f02cd4e4c41ff49fb314bffc74621cb87b4a5e6daafd5a9d4e1213b4889f0513d1932a87', 'c8fffa8d19c6c1d96dc26f7c97ea9e40d14bd933c79f118eeaed320151849e10', 'Русанов', 'Николай', 'Алексеевич', 'Мобильный разработчик', 0xffd8ffe101af4578696600004d4d002a0000000800070110000200000014000000620100000400000001000005a0010100040000000100000780013200020000001400000076011200030000000100010000876900040000000100000091010f0002000000070000008a0000000073646b5f6770686f6e6536345f7838365f363400323032353a30363a31352032333a31313a323700476f6f676c65000010829d00050000000100000157829a0005000000010000015f929200020000000438313700929100020000000438313700929000020000000438313700920a0005000000010000016792090003000000010000000088270003000000010064000090040002000000140000016f900300020000001400000183a00300040000000100000780a40300030000000100000000a002000400000001000005a09202000500000001000001979201000a000000010000019f90000007000000043032323000000000000000ad0000006400220f593b9aca000000111c000003e8323032353a30363a31352032333a31313a323700323032353a30363a31352032333a31313a3237000000009e0000006400002267000003e8ffe000104a46494600010100000100010000ffe201d84943435f50524f46494c45000101000001c800000000043000006d6e74725247422058595a2007e00001000100000000000061637370000000000000000000000000000000000000000000000000000000010000f6d6000100000000d32d0000000000000000000000000000000000000000000000000000000000000000000000000000000000000000000000000000000964657363000000f0000000247258595a00000114000000146758595a00000128000000146258595a0000013c00000014777470740000015000000014725452430000016400000028675452430000016400000028625452430000016400000028637072740000018c0000003c6d6c756300000000000000010000000c656e5553000000080000001c007300520047004258595a200000000000006fa2000038f50000039058595a2000000000000062990000b785000018da58595a2000000000000024a000000f840000b6cf58595a20000000000000f6d6000100000000d32d706172610000000000040000000266660000f2a700000d59000013d000000a5b00000000000000006d6c756300000000000000010000000c656e5553000000200000001c0047006f006f0067006c006500200049006e0063002e00200032003000310036ffdb0043000302020302020303030304030304050805050404050a070706080c0a0c0c0b0a0b0b0d0e12100d0e110e0b0b1016101113141515150c0f171816141812141514ffdb00430103040405040509050509140d0b0d1414141414141414141414141414141414141414141414141414141414141414141414141414141414141414141414141414ffc0001108078005a003012200021101031101ffc4001d000100020203010100000000000000000000060805070104090203ffc4004110010000000908080406010500030100000001030405061755d1d2021516185392939432546671a2a4d3e3133156951114336162a152070812212625424463ffc4001c0101000203010101000000000000000000000107020506030408ffc4003211010001020209020504030101000000000001023104510311121314155291a153d116326162e1054181c12142f06333ffda000c03010002110311003f00f44c056ed200000000000000000000000000000000000000000000000000000000000000000000000000000000000000000000000000000000000000000000000000000000000000000000000000000000000000000000000000000000000000000000000000000000000000000000000000000000000000000000000000000000000000000000000000000000000000000000000000000000000000000000000000000000000000000000000000000000000000000000000000000000000000000000000000000000000000000000000000000000000000000000000000000000000000000000000000000000000000000000000000000000000000000000000000000000000000000000000000000000000000000000000000000000000000000000000000000000000000000000000000000000000000000000000000000000000000000000000000000000000000000000000000000000000000000000000000000000000000000000000000000000000000000000000000000000000000000000000000000000000000000000000000000000000000000000000000000000000000000000000000000000000000000000000000000000000000000000000000000000000000000000000000000000000000000000000000000000000000000000000000000000000000000000000000000000000000000000000000000000000000000000000000000000000000000000000000000000000000000000000000000000000000000000000000000000000000000000000000000000000000000000000000000000000000000000000000000000000000000000000000000000000000000000000000000000000000000000000000000000000000000000000000000000000000000000000000000000000000000000000000000000000000000000000000000000000000000000000000000000000000000000000000000000000000000000000000000000000000000000000000000000000000000000000000000000000000000000000000000000000000000000000000000000000000000000000000000000000000000000000000000000000000000000000000000000000000000000000000000000000000000000000000000000000000000000000000000000000000000000000000000000000000000000000000000000000000000000000000000000000000000000000000000000000000000000000000000000000000000000000000000000000000000000000000000000000000000000000000000000000000000000000000000000000000000000000000000000000000000000000000000000000000000000000000000000000000000000000000000000000000000000000000000000000000000000000000000000000000000000000000000000000000000000000000000000000000000000000000000000000000000000000000000000000000000000000000000000000000000000000000000000000000000000000000000000000000000000000000000000000000000000000000000000000000000000000000000000000000000000000000000000000000000000000000000000000000000000000000000000000000000000000000000000000000000000000000000000000000000000000000000000000000000000000000000000000000000000000000000000000000000000000000000000000000000000000000000000000000000000000000000000000000000000000000000000000000000000000000000000000000000000000000000000000000000000000000000000000000000000000000000000000000000000000000000000000000000000000000000000000000000000000000000000000000000000000000000000000000000000000000000000000000000000000000000000000000000000000000000000000000000000000000000000000000000000000000000000000000000000000000000000000000000000000000000000000000000000000000000000000000000000000000000000000000000000000000000000000000000000000000000000000000000000000000000000000000000000000000000000000000000000000000000000000000000000000000000000000000000000000000000000000000000000000000000000000000000000000000000000000000000000000000000000000000000000000000000000000000000000000000000000000000000000000000000000000000000000000000000000000000000000000000000000000000000000000000000000000000000000000000000000000000000000000000000000000000000000000000000000000000000000000000000000000000000000000000000000000000000000000000000000000000000000000000000000000000000000000000000000000000000000000000000000000000000000000000000000000000000000000000000000000000000000000000000000000000000000000000000000000000000000000000000000000000000000000000000000000000000000000000000000000000000000000000000000000000000000000000000000000000000000000000000000000000000000000000000000000000000000000000000000000000000000000000000000000000000000000000000000000000000000000000000000000000000000000000000000000000000000000000000000000000000000000000000000000000000000000000000000000000000000000000000000000000000000000000000000000000000000000000000000000000000000000000000000000000000000000000000000000000000000000000000000000000000000000000000000000000000000000000000000000000000000000000000000000000000000000000000000000000000000000000000000000000000000000000000000000000000000000000000000000000000000000000000000000000000000000000000000000000000000000000000000000000000000000000000000000000000000000000000000000000000000000000000000000000000000000000000000000000000000000000000000000000000000000000000000000000000000000000000000000000000000000000000000000000000000000000000000000000000000000000000000000000000000000000000000000000000000000000000000000000000000000000000000000000000000000000000000000000000000000000000000000000000000000000000000000000000000000000000000000000000000000000000000000000000000000000000000000000000000000000000000000000000000000000000000000000000000000000000000000000000000000000000000000000000000000000000000000000000000000000000000000000000000000000000000000000000000000000000000000000000000000000000000000000000000000000000000000000000000000000000000000000000000000000000000000000000000000000000000000000000000000000000000000000000000000000000000000000000000000000000000000000000000000000000000000000000000000000000000000000000000000000000000000000000000000000000000000000000000000000000000000000000000000000000000000000000000000000000000000000000000000000000000000000000000000000000000000000000000000000000000000000000000000000000000000000000000000000000000000000000000000000000000000000000000000000000000000000000000000000000000000000000000000000000000000000000000000000000000000000000000000000000000000000000000000000000000000000000000000000000000000000000000000000000000000000000000000000000000000000000000000000000000000000000000000000000000000000000000000000000000000000000000000000000000000000000000000000000000000000000000000000000000000000000000000000000000000000000000000000000000000000000000000000000000000000000000000000000000000000000000000000000000000000000000000000000000000000000000000000000000000000000000000000000000000000000000000000000000000000000000000000000000000000000000000000000000000000000000000000000000000000000000000000000000000000000000000000000000000000000000000000000000000000000000000000000000000000000000000000000000000000000000000000000000000000000000000000000000000000000000000000000000000000000000000000000000000000000000000000000000000000000000000000000000000000000000000000000000000000000000000000000000000000000000000000000000000000000000000000000000000000000000000000000000000000000000000000000000000000000000000000000000000000000000000000000000000000000000000000000000000000000000000000000000000000000000000000000000000000000000000000000000000000000000000000000000000000000000000000000000000000000000000000000000000000000000000000000000000000000000000000000000000000000000000000000000000000000000000000000000000000000000000000000000000000000000000000000000000000000000000000000000000000000000000000000000000000000000000000000000000000000000000000000000000000000000000000000000000000000000000000000000000000000000000000000000000000000000000000000000000000000000000000000000000000000000000000000000000000000000000000000000000000000000000000000000000000000000000000000000000000000000000000000000000000000000000000000000000000000000000000000000000000000000000000000000000000000000000000000000000000000000000000000000000000000000000000000000000000000000000000000000000000000000000000000000000000000000000000000000000000000000000000000000000000000000000000000000000000000000000000000000000000000000000000000000000000000000000000000000000000000000000000000000000000000000000000000000000000000000000000000000000000000000000000000000000000000000000000000000000000000000000000000000000000000000000000000000000000000000000000000000000000000000000000000000000000000000000000000000000000000000000000000000000000000000000000000000000000000000000000000000000000000000000000000000000000000000000000000000000000000000000000000000000000000000000000000000000000000000000000000000000000000000000000000000000000000000000000000000000000000000000000000000000000000000000000000000000000000000000000000000000000000000000000000000000000000000000000000000000000000000000000000000000000000000000000000000000000000000000000000000000000000000000000000000000000000000000000000000000000000000000000000000000000000000000000000000000000000000000000000000000000000000000000000000000000000000000000000000000000000000000000000000000000000000000000000000000000000000000000000000000000000000000000000000000000000000000000000000000000000000000000000000000000000000000000000000000000000000000000000000000000000000000000000000000000000000000000000000000000000000000000000000000000000000000000000000000000000000000000000000000000000000000000000000000000000000000000000000000000000000000000000000000000000000000000000000000000000000000000000000000000000000000000000000000000000000000000000000000000000000000000000000000000000000000000000000000000000000000000000000000000000000000000000000000000000000000000000000000000000000000000000000000000000000000000000000000000000000000000000000000000000000000000000000000000000000000000000000000000000000000000000000000000000000000000000000000000000000000000000000000000000000000000000000000000000000000000000000000000000000000000000000000000000000000000000000000000000000000000000000000000000000000000000000000000000000000000000000000000000000000000000000000000000000000000000000000000000000000000000000000000000000000000000000000000000000000000000000000000000000000000000000000000000000000000000000000000000000000000000000000000000000000000000000000000000000000000000000000000000000000000000000000000000000000000000000000000000000000000000000000000000000000000000000000000000000000000000000000000000000000000000000002175c9436d887968ec057250db621e5a3b03e3e330dea53de1e7bca334d042eb9286db10f2d1d80ae4a1b6c43cb476038cc37a94f783794669a085d7250db621e5a3b015c9436d887968ec071986f529ef06f28cd3410bae4a1b6c43cb47602b9286db10f2d1d80e330dea53de0de519a682175c9436d887968ec057250db621e5a3b01c661bd4a7bc1bca334d042eb9286db10f2d1d80ae4a1b6c43cb476038cc37a94f783794669a085d7250db621e5a3b015c9436d887968ec071986f529ef06f28cd3410bae4a1b6c43cb47602b9286db10f2d1d80e330dea53de0de519a682175c9436d887968ec057250db621e5a3b01c661bd4a7bc1bca334d042eb9286db10f2d1d80ae4a1b6c43cb476038cc37a94f783794669a085d7250db621e5a3b015c9436d887968ec071986f529ef06f28cd3410bae4a1b6c43cb47602b9286db10f2d1d80e330dea53de0de519a682175c9436d887968ec057250db621e5a3b01c661bd4a7bc1bca334d042eb9286db10f2d1d80ae4a1b6c43cb476038cc37a94f783794669a085d7250db621e5a3b015c9436d887968ec071986f529ef06f28cd3410bae4a1b6c43cb47602b9286db10f2d1d80e330dea53de0de519a682175c9436d887968ec057250db621e5a3b01c661bd4a7bc1bca334d042eb9286db10f2d1d80ae4a1b6c43cb476038cc37a94f783794669a085d7250db621e5a3b015c9436d887968ec071986f529ef06f28cd3410bae4a1b6c43cb47602b9286db10f2d1d80e330dea53de0de519a682175c9436d887968ec057250db621e5a3b01c661bd4a7bc1bca334d042eb9286db10f2d1d80ae4a1b6c43cb476038cc37a94f783794669a085d7250db621e5a3b015c9436d887968ec071986f529ef06f28cd3410bae4a1b6c43cb47602b9286db10f2d1d80e330dea53de0de519a682175c9436d887968ec057250db621e5a3b01c661bd4a7bc1bca334d042eb9286db10f2d1d80ae4a1b6c43cb476038cc37a94f783794669a085d7250db621e5a3b015c9436d887968ec071986f529ef06f28cd3410bae4a1b6c43cb47602b9286db10f2d1d80e330dea53de0de519a682175c9436d887968ec057250db621e5a3b01c661bd4a7bc1bca334d042eb9286db10f2d1d80ae4a1b6c43cb476038cc37a94f783794669a085d7250db621e5a3b015c9436d887968ec071986f529ef06f28cd3410bae4a1b6c43cb47602b9286db10f2d1d80e330dea53de0de519a682175c9436d887968ec057250db621e5a3b01c661bd4a7bc1bca334d042eb9286db10f2d1d80ae4a1b6c43cb476038cc37a94f783794669a085d7250db621e5a3b015c9436d887968ec071986f529ef06f28cd3410bae4a1b6c43cb47602b9286db10f2d1d80e330dea53de0de519a682175c9436d887968ec057250db621e5a3b01c661bd4a7bc1bca334d042eb9286db10f2d1d80ae4a1b6c43cb476038cc37a94f783794669a085d7250db621e5a3b015c9436d887968ec071986f529ef06f28cd3410bae4a1b6c43cb47602b9286db10f2d1d80e330dea53de0de519a682175c9436d887968ec057250db621e5a3b01c661bd4a7bc1bca334d042eb9286db10f2d1d80ae4a1b6c43cb476038cc37a94f783794669a085d7250db621e5a3b015c9436d887968ec071986f529ef06f28cd3410bae4a1b6c43cb47602b9286db10f2d1d80e330dea53de0de519a682175c9436d887968ec057250db621e5a3b01c661bd4a7bc1bca334d042eb9286db10f2d1d80ae4a1b6c43cb47606cf87d2f4cf67a6b4d042eb9286db10f2d1d80ae4a1b6c43cb4760387d2f4cf635a682175c9436d887968ec057250db621e5a3b01c3e97a67b1ad3410bae4a1b6c43cb47602b9286db10f2d1d80e1f4bd33d8d69a085d7250db621e5a3b015c9436d887968ec070fa5e99ec6b4d042eb9286db10f2d1d80ae4a1b6c43cb4760387d2f4cf635a682175c9436d887968ec057250db621e5a3b01c3e97a67b1ad3410bae4a1b6c43cb47602b9286db10f2d1d80e1f4bd33d8d69a085d7250db621e5a3b015c9436d887968ec070fa5e99ec6b4d007800000000000000000000000000000000000000000000000000000000000000000000000000000000000000000000000000000000089b48a6202a49bcb44008000000000000000000000000000000000000000000000000000000000000000000000000000000000000000000000000000000000000000000000000000000001953f34000fd274fcb0dd003348000000000000000000002e700e11900000000000000000000000000000000000000000000000000000000000000000000000000000000000000000000000000000000226d229880a926f2d1002000000000000000000000000000000000000000000000000000000000000000000000000000000000000000000000000000000000000000000000000000000000654fcd0003f49d3f2c37400cd2000000000000000000000b9c0384640000000000000000000000000000000000000000000000000000000000000000000000000000000000000000000000000000000089b48a6202a49bcb44008000000000000000000000000000000000000000000000000000000000000000000000000000000000000000000000000000000000000000000000000000000001953f34000fd274fcb0dd003348000000000000000000002e700e11900000000000000000000000000000000000000000000000000000000000000000000000000000000000000000000000000000000226d229880a926f2d1002000000000000000000000000000000000000000000000000000000000000000000000000000000000000000000000000000000000000000000000000000000000654fcd0003f49d3f2c37400cd2000000000000000000000b9c0384640000000000000000000000000000000000000000000000000000000000000000000000000000000000000000000000000000000089b48a6202a49bcb44008000000000000000000000000000000000000000000000000000000000000000000000000000000000000000000000000000000000000000000000000000000001953f3400a5e3f49d3f2c374ba02978cd2ba029780ba029780ba029780ba029780ba029780ba029780ba029780f6780708c800000000000000000000000000000000000000000000000000000000000000000000000000000000000000000000000000000001136914c405493796880100000000000000000000000000000000000000000000000000000000000000000000000000000000000000000000000000000000000000000000000000000000032a7e6814bc07e93a7e586e8019a4000000000000000000001ecf00e11900000000000000000000000000000000000000000000000000000000000000000000000000000000000000000000000000000000226d229880a926f2d1002000000000000000000000000000000000000000000000000000000000000000000000000000000000000000000000000000000000000000000000000000000000654fcd029780fd274fcb0dd003348000000000000000000003d9e01c2320000000000000000000000000000000000000000000000000000000000000000000000000000000000000000000000000000000044da453101524de5a2004000000000000000000000000000000000000000000000000000000000000000000000000000000000000000000000000000000000000000000000000000000000ca9f9a052f01fa4e9f961ba006690000000000000000000007b3c0384640000000000000000000000000000000000000000000000000000000000000000000000000000000000000000000000000000000089b48a6202a49bcb44008000000000000000000000000000000000000000000000000000000000000000000000000000000000000000000000000000000000000000000000000000000001953f340a5e03f49d3f2c37400cd2000000000000000000000f6780708c8000000000000000000000000000000000000000000000000000000000000000565ae4a656c41cb44e059a53104d2b92995b1072d1380ae4a656c41cb44e042c04d2b92995b1072d1380ae4a656c41cb44e042c04d2b92995b1072d1380ae4a656c41cb44e042c04d2b92995b1072d1380ae4a656c41cb44e042c1309a572532b620e5a27015c94cad8839689c0858dbec5193a28d0e8fa6134ae4a656c41cb44e02b92995b1072d13810b0d8a324ee747d309a572532b620e5a27015c94cad8839689c08586c5191b9d1f4c2695c94cad8839689c0572532b620e5a2702161b14646e747d309a572532b620e5a27015c94cad8839689c08586c5191b9d1f4c2695c94cad8839689c0572532b620e5a2702161b14646e747d309a572532b620e5a27015c94cad8839689c08586c5191b9d1f4c2695c94cad8839689c0572532b620e5a2702161b14646e747d309a572532b620e5a27015c94cad8839689c08586c5191b9d1f4c003e4e5f84f4a9ed0f3e1b43d11d800e5f84f4a9ed070da1e88ec0072fc27a54f68386d0f447600397e13d2a7b41c3687a23b001cbf09e953da0e1b43d11d800e5f84f4a9ed070da1e88ec0072fc27a54f68386d0f447600397e13d2a7b41c3687a23b001cbf09e953da0e1b43d11d800e5f84f4a9ed070da1e88ec0072fc27a54f68386d0f447600397e13d2a7b41c3687a23b001cbf09e953da0e1b43d11d800e5f84f4a9ed070da1e88ec0072fc27a54f68386d0f447600397e13d2a7b41c3687a23b001cbf09e953da0e1b43d11d800e5f84f4a9ed070da1e88ec0072fc27a54f68386d0f447600397e13d2a7b41c3687a23b001cbf09e953da0e1b43d11d800e5f84f4a9ed070da1e88ec0072fc27a54f68386d0f447600397e13d2a7b41c3687a23b001cbf09e953da0e1b43d11d800e5f84f4a9ed070da1e88ec0072fc27a54f68386d0f447600397e13d2a7b41c3687a23b001cbf09e953da0e1b43d11d800e5f84f4a9ed070da1e88ec0072fc27a54f68386d0f447600397e13d2a7b41c3687a23b001cbf09e953da0e1b43d11d800e5f84f4a9ed070da1e88ec0072fc27a54f68386d0f447600397e13d2a7b41c3687a23b001cbf09e953da0e1b43d11d800e5f84f4a9ed070da1e88ec0072fc27a54f68386d0f447600397e13d2a7b41c3687a23b001cbf09e953da0e1b43d11d800e5f84f4a9ed070da1e88ec0072fc27a54f68386d0f447600397e13d2a7b41c3687a23b001c0613d2a7b1c3687a23b29780d9ef2bcd9eeb47d30006f2bccdd68fa6000de5799bad1f4c001bcaf3375a3e98003795e66eb47d30006f2bccdd68fa6000de5799bad1f4c001bcaf3375a3e98003795e66eb47d30f6780681ce0000000000000000000000000000000000000000000000000000000000000000a62b9ca62000000000000262e00dd3a78b002400000000000000000000000000000000000000000000000000000000000000000000000000000000000000000000000000000000000000000000000000000000000000000000000000000000000052f000000000000000000000000001ecf00d239700000000000000000000000000000000000000000000000000000000000000014c57394c40000000000004c5c01ba74f160048000000000000000000000000000000000000000000000000000000000000000000000000000000000000000000000000000000000000000000000000000000000000000000000000000000000000a5e000000000000000000000000003d9e01a472e000000000000000000000000000000000000000000000000000000000000000298ae7298800000000000098b80374e9e2c00900000000000000000000000000000000000000000000000000000000000000000000000000000000000000000000000000000000000000000000000000000000000000000000000000000000000014bc000000000000000000000000007b3c0348e5c0000000000000000000000000000000000000000000000000000000000000005315ce5310000000000001317069ed617b3fe73db3585ecff9cf6dba74f166e11a7b585ecff9cf6cd617b3fe73db48dc234f6b0bd9ff0039ed9ac2f67fce7b60dc234f6b0bd9ff0039ed9ac2f67fce7b60dc234f6b0bd9ff0039ed9ac2f67fce7b60dc234f6b0bd9ff0039ed9ac2f67fce7b60dc234f6b0bd9ff0039ed9ac2f67fce7b60dc234f6b0bd9ff0039ed9ac2f67fce7b60dc234f6b0bd9ff0039ed9ac2f67fce7b60dc234f6b0bd9ff0039ed9ac2f67fce7b60dc234f6b0bd9ff0039ed9ac2f67fce7b60dc234f6b0bd9ff0039ed9ac2f67fce7b60dc234f6b0bd9ff0039ed9ac2f67fce7b60dc234f6b0bd9ff0039ed9ac2f67fce7b60dc234f6b0bd9ff0039ed9ac2f67fce7b60dc234f6b0bd9ff0039ed9ac2f67fce7b60dc234f6b0bd9ff0039ed9ac2f67fce7b60dc234f6b0bd9ff0039ed9ac2f67fce7b60dc234f6b0bd9ff0039ed9ac2f67fce7b60dc234f6b0bd9ff0039ed9ac2f67fce7b60dc234f6b0bd9ff0039ed9ac2f67fce7b60dc234f6b0bd9ff0039ed9ac2f67fce7b60dc234f6b0bd9ff0039ed9ac2f67fce7b60dc234f6b0bd9ff0039ed9ac2f67fce7b60dc234f6b0bd9ff0039ed9ac2f67fce7b60dc234f6b0bd9ff0039ed9ac2f67fce7b60dc234f6b0bd9ff0039ed9ac2f67fce7b60dc234f6b0bd9ff0039ed9ac2f67fce7b60dc234f6b0bd9ff0039ed9ac2f67fce7b60dc234f6b0bd9ff0039ed9ac2f67fce7b60dc234f6b0bd9ff0039ed9ac2f67fce7b60dc234f6b0bd9ff0039ed9ac2f67fce7b60dc234f6b0bd9ff0039ed9ac2f67fce7b60dc234f6b0bd9ff0039ed9ac2f67fce7b60dc234f6b0bd9ff0039ed9ac2f67fce7b60dc234f6b0bd9ff0039ed9ac2f67fce7b60dc234f6b0bd9ff0039ed9ac2f67fce7b60dc234f6b0bd9ff0039ed9ac2f67fce7b60dc234f6b0bd9ff0039ed9ac2f67fce7b60dc234f6b0bd9ff0039ed9ac2f67fce7b60dc234f6b0bd9ff0039ed9ac2f67fce7b60dc234f6b0bd9ff0039ed9ac2f67fce7b60dc234f6b0bd9ff0039ed9ac2f67fce7b60dc234f6b0bd9ff0039ed9ac2f67fce7b60dc234f6b0bd9ff0039ed9ac2f67fce7b60dc234f6b0bd9ff0039ed9ac2f67fce7b60dc234f6b0bd9ff0039ed9ac2f67fce7b60dc234f6b0bd9ff0039ed9ac2f67fce7b60dc234f6b0bd9ff0039ed9ac2f67fce7b60dc234f6b0bd9ff0039ed9ac2f67fce7b60dc234f6b0bd9ff0039ed9ac2f67fce7b60dc234f6b0bd9ff0039ed9ac2f67fce7b60dc234f6b0bd9ff0039ed9ac2f67fce7b60dc234f6b0bd9ff0039ed9ac2f67fce7b60d203f7fcb7f3fe8fcb7f3fe81f80fdff002dfcff00a3f2dfcffa07e03f7fcb7f3fe8fcb7f3fe81f80fdff2dfcffa3f2dfcff00a07e03f7fcb7f3fe8fcb7f3fe81f80fdff002dfcff00a3f2dfcffa07e03f7fcb7f3fe8fcb7f3fe81f80fdff2dfcffa3f2dfcff00a07e03f7fcb7f3fe8fcb7f3fe81ecb80d239700000000000000000000000000000000000000000000000000000000000000014c57394c40000000000004c5d4f406e9d3c580120000000000000000000000000000000000000000000000000000000000000000000000000000000000000000000000000000000000000000000000000000000000000000000000000000000000000000000000000000000000000003d9001a472e000000000000000000000000000000000000000000000000000000000000000298ae7298800000000000098ba9e80dd3a78b00240000000000000000000000000000000000000000000000000000000000000000000000000000000000000000000000000000000000000000000000000000000000000000000000000000000000000000000000000000000000000007b200348e5c0000000000000000000000000000000000000000000000000000000000000005315ce531000000000000131753d01ba74f160048000000000000000000000000000000000000000000000000000000000000000000000000000000000000000000000000000000000000000000000000000000000000000000000000000000000000000000000000000000000000000f6400691cb8000000000000000000000000000000000000000000000000000000000000000a62b9ca62000000000000262ea7a0374e9e2c0090000000000000000000000000000000000000000000000000000000000000000000000000000000000000000000000000000000000000000000000000000000000000000000000000000000000000000000000000000000000000001ec800d23970000000000000000000000000000000000000000000000000044ff00881f9fc78b83ff00b407c78bff00281d1cae943dee1c64feb3a7d768f2f9b7953bff001e2ffca03e3c5ff940e8073ac4651e4de54eff00c78bff00280f8f17fe503a01ceb11947937953bff1e2ff00ca03e3c5ff00940e8073ac4651e4de54effc78bff2814d56ed511e757eb788a7f68f2f2af4f55200c39ee2328f2f3e26b0039ee2328f27135801cf7119479389ac01947eb9889988d51e53189af5a9e80b4a275c44bb88b003248000000000000000000000000000000000000000000000000000000000000000000000000000000000000000000000000000000000000000000000000000000000000000000000000000000000000000000000000000000000000003d9001a472e0000000000000000000000000000000000000000000000000089b48c6e574a1ef70e72ba50f7b855d376bc0100000000a88b76a88f2d27ecf1d2fec00f2780000000032a7e684c5d4f405e94fcb0b0e2c00c92000000000000000000000000000000000000000000000000000000000000000000000000000000000000000000000000000000000000000000000000000000000000000000000000000000000000000000000000000000000000000f6400691cb80000000000000000000000000000000000000000000000000226d231b95d287bdc39cae943dee1574ddaf00400000002a22ddaa23cb49fb3c74bfb003c9e000000000ca9f9a131753d017a53f2c2c38b003248000000000000000000000000000000000000000000000000000000000000000000000000000000000000000000000000000000000000000000000000000000000000000000000000000000000000000000000000000000000000003d9001a472e0000000000000000000000000000000000000000000000000089b48c6e574a1ef70e72ba50f7b855d376bc0100000000a88b76a88f2d27ecf1d2fec00f2780000000032a7e684c5d4f405e94fcb0b0e2c00c92000000000000000000000000000000000000000000000000000000000000000000000000000000000000000000000000000000000000000000000000000000000000000000000000000000000000000000000000000000000000000f6400691cb80000000000000000000000000000000000000c2e9b51cfa826be722ef06686174da8e7d4135f391779a6d473ea09af9c8bbc19a185d36a39f504d7ce45de69b51cfa826be722ef06686174da8e7d4135f391779a6d473ea09af9c8bbc19a185d36a39f504d7ce45de69b51cfa826be722ef44da47632ba50f7b86232a994c1ff287ff009c9b7e7d6e2ef71a63305b936f37177aae9bb5fae198187d31982dc9b79b8bbcd31982dc9b79b8bbd1acd70cc0c3e98cc16e4dbcdc5de698cc16e4dbcdc5de6b35c33030fa63305b936f371779a63305b936f371779acd70cc2a22d1e98cc16e4dbcdc5deab8f2aff678693f600793c400000001953f34262ea7a02f4a7e5858716006490000000000000000000000000000000000000000000000000000000000000000000000000000000000000000000000000000000000000000000000000000000000000000000000000000000000000000000000000000000000000007b200348e5c0000000000000000000000000000000000005315ce53100000000000044da4005493796880100000000000000000000032a7e684c5d4f405e94fcb0b0e2c00c92000000000000000000000000000000000000000000000000000000000000000000000000000000000000000000000000000000000000000000000000000000000000000000000000000000000000000000000000000000000000000f6400691cb8000000000000000000000000000000000000a62b9ca6200000000000089b4800a926f2d1002000000000000000000000654fcd098ba9e80bd29f96161c5801924000000000000000000000000000000000000000000000000000000000000000000000000000000000000000000000000000000000000000000000000000000000000000000000000000000000000000000000000000000000000001ec800d239700000000000000000000000000000000000014c57394c40000000000011369001524de5a2004000000000000000000000ca9f9a131753d017a53f2c2c38b003248000000000000000000000000000000000000000000000000000000000000000000000000000000000000000000000000000000000000000000000000000000000000000000000000000000000000000000000000000000000000003d9001a472e000000000000000000000000000000000000298ae7298800000000000226d2002a49bcb44008000000000000000000001953f34262ea7a02f4a7e5858716006490000000000000000000000000000000000000000000000000000000000000000000000000000000000000000000000000000000000000000000000000000000000000000000000000000000000000000000000000000000000000007b200348e5c0000000000000000000000000000000000005315ce53100000000000044da40054937968801000000000000000000000262754eb4c7f8953d1fb7c183f73e0c1fbad58fd6b4111ab667c7bba88fd5f411169ffbf97e23f6f8307ee7c183f74f3ad074cf8f74f37d0653ff007f2fc47edf060fdcf8307ee73ad074cf8f739be8329ffbf97e23f6f8307ee7c183f739d683a67c7b9cdf4194ff00dfcbf11fb7c183f73e0c1fb9ceb41d33e3dce6fa0ca7fefe5f88fdbe0c1fb9f060fdce75a0e99f1ee737d0653ff7f2fc47edf060fdcf8307ee73ad074cf8f739be8329ff00bf97e23f6f8307ee7c183f739d683a67c7b9cdf4194ffdfcbf11fb7c183f7710c4c1f8279d683a67c7b9ce34194ffdfcbf201b18c668e7f66b3e26c274d5e3dc00e328c8f89b09d3578f70038ca323e26c274d5e3dc00e328c8f89b09d3578f70038ca323e26c274d5e3dc00e328c8f89b09d3578f70038ca323e26c274d5e3dc00e328c8f89b09d3578f70038ca323e26c274d5e3dc00e328c8f89b09d3578f70038ca323e26c274d5e3dc00e328c8f89b09d3578f70038ca323e26c274d5e3dc00e328c8f89b09d3578f70038ca323e26c274d5e3dc00e328c8f89b09d3578f70038ca323e26c274d5e3dc00e328c8f89b09d3578f70038ca323e26c274d5e3dc00e328c8f89b09d3578f70038ca323e26c274d5e3dc00e328c8f89b09d3578f70038ca323e26c274d5e3dc00e328c8f89b09d3578f70038ca323e26c274d5e3dc00e328c8f89b09d3578f70038ca323e26c274d5e3dc00e328c8f89b09d3578f70038ca323e26c274d5e3dc00e328c8f89b09d3578f70038ca323e26c274d5e3dc00e328c8f89b09d3578f70038ca323e26c274d5e3dc00e328c8f89b09d3578f70038ca323e26c274d5e3dc00e328c8f89b09d3578f70038ca323e26c274d5e3dc00e328c8f89b09d3578f70038ca323e26c274d5e3dc00e328c8f89b09d3578f70038ca323e26c274d5e3dc00e328c8f89b09d3578f70038ca323e26c274d5e3dc00e328c8f89b09d3578f70038ca323e26c274d5e3dc00e328c8f89b09d3578f70038ca323e26c274d5e3dc00e328c8f89b09d3578f70038ca323e26c274d5e3dc00e328c8f89b09d3578f70038ca323e26c274d5e3dc00e328c8f89b09d3578f70038ca323e26c274d5e3dc00e328c8f89b09d3578f77b2003e37b0000000000000000000000000000000000000a62b9ca6200000000000089b4800a926f2d1002000000000000000000000054501d2bc8000000000000000000000710fc9cb887e4226cfc00759168721370048000000000000000000000000000000000000000000000000000000000000000000000000000000000000000000000000000000000000000000000000000000000000000000000000000000000000f64007d6b480000000000000000000000000000000000005315ce53100000000000044da4005493796880100000000000000000000002a280e95e40000000000000000000003887e4e5c43f211367e003ac8b43909b80240000000000000000000000000000000000000000000000000000000000000000000000000000000000000000000000000000000000000000000000000000000000000000000000000000000000007b2003eb5a4000000000000000000000000000000000000298ae7298800000000000226d2002a49bcb440080000000000000000000001514074af20000000000000000000001c43f272e21f9089b3f001d645a1c84dc0120000000000000000000000000000000000000000000000000000000000000000000000000000000000000000000000000000000000000000000000000000000000000000000000000000000000003d9001f5ad200000000000000000000000000000000000014c57394c40000000000011369001524de5a20040000000000000000000000a8a03a5790000000000000000000000e21f939710fc844d9f800eb22d0e426e0090000000000000000000000000000000000000000000000000000000000000000000000000000000000000000000000000000000000000000000000000000000000000000000000000000000000001ec800fad690000000000000000000000000000000000000a62b9ca6200000000000089b4800a926f2d100200000000000000000000006b9a89a3fd7272e245e02a268ff5c9cb891781b187beff004bd48d50d7351347fae4e5c48bc0544d1feb9397122f036306ff004bd46a86b9a89a3fd7272e245e02a268ff005c9cb891781b1837fa5ea35435cd44d1feb9397122f0151347fae4e5c48bc0d8c1bfd2f51aa1ae6a268ff5c9cb891780a89a3fd7272e245e06c60dfe97a8d50d7351347fae4e5c48bc0544d1feb9397122f036306ff4bd46a86b9a89a3fd7272e245e02a268ff5c9cb891781b1837fa5ea35435cd44d1feb9397122f0151347fae4e5c48bc0d8c1bfd2f51aa1ae6a268ff005c9cb891780a89a3fd7272e245e06c6131a7d26bf991311a95b743a45b5946f4171a1d22daca37a0b99d164c5a1c64dd82d0e916d651bd05c68748b6b28de82e67448c168748b6b28de82e343a45b5946f41733a0305a1d22daca37a0b8d0e916d651bd05cce80c168748b6b28de82e343a45b5946f41733a0305a1d22daca37a0b8d0e916d651bd05cce80c168748b6b28de82e343a45b5946f41733a0305a1d22daca37a0b8d0e916d651bd05cce80c168748b6b28de82e343a45b5946f41733a0305a1d22daca37a0b8d0e916d651bd05cce80c168748b6b28de82e343a45b5946f41733a0305a1d22daca37a0b8d0e916d651bd05cce80c168748b6b28de82e343a45b5946f41733a0305a1d22daca37a0b8d0e916d651bd05cce80c168748b6b28de82e343a45b5946f41733a0305a1d22daca37a0b8d0e916d651bd05cce80c168748b6b28de82e343a45b5946f41733a0305a1d22daca37a0b8d0e916d651bd05cce80c168748b6b28de82e343a45b5946f41733a0305a1d22daca37a0b8d0e916d651bd05cce80c168748b6b28de82e343a45b5946f41733a0305a1d22daca37a0b8d0e916d651bd05cce80c168748b6b28de82e343a45b5946f41733a0305a1d22daca37a0b8d0e916d651bd05cce80c168748b6b28de82e343a45b5946f41733a0305a1d22daca37a0b8d0e916d651bd05cce80c168748b6b28de82e343a45b5946f41733a0305a1d22daca37a0b8d0e916d651bd05cce80c168748b6b28de82e343a45b5946f41733a0305a1d22daca37a0b8d0e916d651bd05cce80c168748b6b28de82e343a45b5946f41733a0305a1d22daca37a0b8d0e916d651bd05cce80c168748b6b28de82e343a45b5946f41733a0305a1d22daca37a0b8d0e916d651bd05cce80c168748b6b28de82e343a45b5946f41733a0305a1d22daca37a0b8d0e916d651bd05cce80c168748b6b28de82e343a45b5946f41733a0305a1d22daca37a0b8d0e916d651bd05cce80c168748b6b28de82e343a45b5946f41733a0305a1d22daca37a0b8d0e916d651bd05cce80c168748b6b28de82e343a45b5946f41733a0305a1d22daca37a0b8d0e916d651bd05cce80c168748b6b28de82e343a45b5946f41733a0305a1d22daca37a0b8d0e916d651bd05cce80c168748b6b28de82e343a45b5946f41733a0305a1d22daca37a0b8d0e916d651bd05cce80c168748b6b28de82e343a45b5946f41733a0305a1d22daca37a0b8d0e916d651bd05cce80c168748b6b28de82e343a45b5946f41733a0305a1d22daca37a0b8d0e916d651bd05cce80c168748b6b28de82e343a45b5946f41733a0305a1d22daca37a0b8d0e916d651bd05cce80c168748b6b28de82e343a45b5946f41733a0305a1d22daca37a0b8d0e916d651bd05cce80f50c07d6b480000000000000000000000000000000000005315ce53100000000000044da40054937968801000000000000000000000000000000000000000000000000262f089b34500b422d0e2e6e0090000000000000000000000000000000000000000000000000000000000000000000000000000000000000000000000000000000000000000000000000000000000000000000000000000000000001ea180fad690000000000000000000000000000000000000a62b9ca6200000000000089b4800a926f2d10020000000000000000000000000000000000000000000000004c5e113668a016845a1c5cdc0120000000000000000000000000000000000000000000000000000000000000000000000000000000000000000000000000000000000000000000000000000000000000000000000000000000000003d4301f5ad200000000000000000000000000000000000014c57394c40000000000011369001524de5a200400000000000000000000000000000000000000000000000098bc226cd1402d08b438b9b80240000000000000000000000000000000000000000000000000000000000000000000000000000000000000000000000000000000000000000000000000000000000000000000000000000000000007a8622b58f366c257b99388ac79b3612bdcc9c49e2b43d71de1676f28cd2a115ac79b3612bdcc9c4563cd9b095ee64e238ad0f5c7783794669508ad63cd9b095ee64e22b1e6cd84af732711c5687ae3bc1bca334a8456b1e6cd84af73271158f366c257b99388e2b43d71de0de519a5422b58f366c257b99388ac79b3612bdcc9c4715a1eb8ef06f28cd2a115ac79b3612bdcc9c4563cd9b095ee64e238ad0f5c7783794669508ad63cd9b095ee64e22b1e6cd84af732711c5687ae3bc1bca334a8456b1e6cd84af73271158f366c257b99388e2b43d71de0de519a5422b58f366c257b99388ac79b3612bdcc9c4715a1eb8ef06f28cd2a115ac79b3612bdcc9c4563cd9b095ee64e238ad0f5c7783794669508ad63cd9b095ee64e22b1e6cd84af732711c5687ae3bc1bca334a8456b1e6cd84af73271158f366c257b99388e2b43d71de0de519a5422b58f366c257b99388ac79b3612bdcc9c4715a1eb8ef06f28cd2a5315a4ac79b3612bdcc9c4a395d9317549c387918d3c4e87ae3bc1bca334fc402bb262ea93870f23195d9317549c387918ce2743d71de0de519a7e2015d9317549c387918caec98baa4e1c3c8c6713a1eb8ef06f28cd3f100aec98baa4e1c3c8c65764c5d5270e1e463389d0f5c7783794669f8805764c5d5270e1e4632bb262ea93870f231a2713a1d5f3c7783794669f8805764c5d5270e1e4632bb262ea93870f231aba9c162667ff009cf696a36653f100aec98baa4e1c3c8c65764c5d5270e1e463470589f4e7b49b329f8805764c5d5270e1e4632bb262ea93870f2319c1627d39ed26cca7e2015d9317549c387918caec98baa4e1c3c8c670589f4e7b49b329f8805764c5d5270e1e4632bb262ea93870f2319c1627d39ed26cca7e2015d9317549c387918caec98baa4e1c3c8c670589f4e7b49b329f8805764c5d5270e1e4632bb262ea93870f2319c1627d39ed26cca7e2015d9317549c387918caec98baa4e1c3c8c670589f4e7b49b329f8805764c5d5270e1e4632bb262ea93870f2319c1627d39ed26cca7e2015d9317549c387918caec98baa4e1c3c8c670589f4e7b49b329f8805764c5d5270e1e4632bb262ea93870f2319c1627d39ed26cca7e2015d9317549c387918caec98baa4e1c3c8c670589f4e7b49b329f8805764c5d5270e1e4632bb262ea93870f2319c1627d39ed26cca7e2015d9317549c387918caec98baa4e1c3c8c670589f4e7b49b329f8805764c5d5270e1e4632bb262ea93870f2319c1627d39ed26cca7e2015d9317549c387918caec98baa4e1c3c8c670589f4e7b49b329f8805764c5d5270e1e4632bb262ea93870f2319c1627d39ed26cca7e2015d9317549c387918caec98baa4e1c3c8c698c16275fff0039ed289a67521202c38b3899b80240000000000000000000000000000000000000000000000000000000000000000000000000000000000000000000000000000000000000000000000000000000000000000000000000000000000005d3015fbb50000000000000000000000000000000000001e7cbd0679f2f6d1fee003d4000000087e410fc93171f202c88b43ed006400000000000000000000000000000000000000000000000211364d406ad5fcdc01080000000000000000000000000000000000000000000000000000000000000000000000000000000000000000000000000000000000000000000000000000000000000000000000000000000000005d3015fbb50000000000000000000000000000000000001e7cbd0679f2f6d1fee003d4000000087e410fc93171f202c88b43ed006400000000000000000000000000000000000000000000000211364d406ad5fcdc01080000000000000000000000000000000000000000000000000000000000000000000000000000000000000000000000000000000000000000000000000000000000000000000000000000000000005d3015fbb50000000000000000000000000000000000001e7cbd0679f2f6d1fee003d4000000087e410fc93171f202c88b43ed006400000000000000000000000000000000000000000000000211364d406ad5fcdc01080000000000000000000000000000000000000000000000000000000000000000000000000000000000000000000000000000000000000000000000000000000000000000000000000000000000005d3015fbb50000000000000000000000000000000000001e7cbd0679f2f6d1fee003d4000000087e410fc93171f202c88b43ed006400000000000000000000000000000000000000000000000211364d406ad5fcdc01080000000000000000000000000000000000000000000000000000000000000000000000000000000000000000000000000000000000000000000000000000000000000000000000000000000000005d3015fbb50000000000000000000000000000000000001e7cbd0679f2f6d1fee003d4000000087e410fc93171f202c88b43ed006400000000000000000000000000000000000000000000000211364d406ad5fcdc01080000000000000000000000000000000000000000000000000000000000000000000000000000000000000000000000000000000000000000000000000000000000000000000000000000000000005d3015fbb50000000000000000000000000000000000001e7cbd0679f2f6d1fee003d4000000087e410fc93171f202c88b43ed006400000000000000000000000000000000000000000000000211364d406ad5fcdc01080000000000000000000000000000000000000000000000000000000000000000000000000000000000000000000000000000000000000000000000000000000000000000000000000000000000005d3015fbb50000000000000000000000000000000000001e7cbd0679f2f6d1fee003d4000000087e410fc93171f202c88b43ed006400000000000000000000000000000000000000000000000211364d406ad5fcdc01080000000000000000000000000000000000000000000000000000000000000000000000000000000000000000000000000000000000000000000000000000000000000000000000000000000000005d3015fbb50000000000000000000000000000000000001e7cbd0679f2f6d1fee003d4000000087e410fc93171f202c88b43ed006400000000000000000000000000000000000000000000000211364d406ad5fcdc01080000000000000000000000000000000000000000000000000000000000000000000000000000000000000000000000000000000000000000000000000000000000000000000000000000000000005d3015fbb50000000000000000000000000000000000001e7cbd0679f2f6d1fee003d4000000087e410fc93171f202c7898d51fe5f680275c66001ae33000d7198006b8cc0035c66001ae33000d7198006b8cc006400000000000000000000000211364d406ad5fcdc0108000000000000000000000004ea94ecce4006a936672003549b339001aa4d99c800d526cce4006a936672003549b339001aa4d99c800d526cce400840000000000000000000000000032d99c93b339001b3391b339001b3391b339001b3391b339001b3391b339001b3391b339001b3391b339001b3391b339001b3391b33900314000000000000000000000000002754a76672003549b339001aa4d99c800d526cce4006a936672003549b339001aa4d99c800d526cce4006a9366725d3015f3b40000000000000000000000000000000000001e7cbd0679f2f6d1fee003d40000000003f03f004eb90fc0fc00d721f81f801ae43f03f0035c87e07e006b90fc0fc00d721f81f801ae43f03f0035c87e04307fd043f2226758f9016445a1f68032000000000000000000001089b26a0356afe6e00840000000a7da7749bea29d79d8dc4b82a44da606989dad7197f6ddfe994c55b7ae32fed9cd3ba4df514ebcec6e234ee937d453af3b1b89831b4d8a726f3774651d99cd3ba4df514ebcec6e234ee937d453af3b1b89830d8a723774651d99cd3ba4df514ebcec6e234ee937d453af3b1b89830d8a723774651d99cd3ba4df514ebcec6e27cc653ba4d064657fe8e75f943ff00ed8dc4c2be633f4f2bba14c514e4468e8d768ecc6657fa914bff00e50ffeae7af9da11d89c564d2ffaae7afb8476247b2ba50f7b86fb543b58a63547f848ab2697fd573d7dc23b115934bfeab9ebee11d891d0d50cb663248ab2697fd573d7dc23b115934bfeab9ebee11d891d0d506cc6491564d2ff00aae7afb847622b2697fd573d7dc23b123a1aa0d98c922ac9a5ff0055cf5f708ec4564d2ffaae7afb847624743541b3192455934bfeab9ebee11d88ac9a5ff55cf5f708ec48e86a83663248ab2697fd573d7dc23b115934bfeab9ebee11d891d0d506cc6491564d2ffaae7afb847622b2697fd573d7dc23b123a1aa0d98c922ac9a5ff55cf5f708ec4fac8ff52297ff00cb27ff00573d7ced08ec48db9c8e9e4f79aa326334c6a9ff000f45005733752955e401080000001a633fce9694af8f957b73b4503bd9fe74b4a57c7cabccff003a5a52be3e55ee880ef67f9d2d295f1f2af33fce9694af8f957ba203bd9fe74b4a57c7cabccff3a5a52be3e55ee880ef67f9d2d295f1f2af33fce9694af8f957ba232a6f09a6f0ef67f9d2d295f1f2af33fce9694af8f957ba22e6a698d51fe175d34c6a8ff0ef67f9d2d295f1f2af33fce9694af8f957ba227663265b3193bd9fe74b4a57c7cabccff3a5a52be3e55ee886cc646cc64ef67f9d2d295f1f2af33fce9694af8f957ba21b3191b3193bd9fe74b4a57c7cabccff003a5a52be3e55ee886cc646cc64ef67f9d2d295f1f2af33fce9694af8f957ba21b3191b3193bd9fe74b4a57c7cabccff3a5a52be3e55ee886cc646cc64ef67f9d2d295f1f2af33fce9694af8f957ba21b3191b3193bd9fe74b4a57c7cabccff003a5a52be3e55ee888aa98d53fe18d54c6a9ff0dea0299aaf2a52abc8031400000000000000000000328bc269bc286e57fa914bff00e50ffeae7af9da11d89c564d2ffaae7afb8476247b2ba50f7b858baa175c531aa3fc2455934bfeab9ebee11d88ac9a5ff55cf5f708ec48e86a865b3192455934bfeab9ebee11d88ac9a5ff0055cf5f708ec48e86a83663248ab2697fd573d7dc23b115934bfeab9ebee11d891d0d506cc6491564d2ff00aae7afb847622b2697fd573d7dc23b123a1aa0d98c922ac9a5ff0055cf5f708ec4564d2ffaae7afb847624743541b3192455934bfeab9ebee11d88ac9a5ff55cf5f708ec48e86a83663248ab2697fd573d7dc23b115934bfeab9ebee11d891d0d506cc6491564d2ffaae7afb847622b2697fd573d7dc23b123a1aa0d98c9ef400fcf0e1800000000000000000000000000000000000079f2f419e7cbdb47fb800f5000000000000000000000000000000000021f9043f24c5c7c80b222d0fb4019000000000000000000000844d93501ab57f37004200000005225dd5226db01fedfc7f6defe97feff00c7f600dab7a0000003e633f4f2bba17d3e633f4f2bba14c5d31742b2ba50f7b87395d287bdc378ece2d000320000000000000000001ce474f27bdc39c8e9e4f78c66d2f45005713752555e401080000001a29bd5a28000000000001953784d378005cf4da176d3680064c8000000000000000000018d5696355a5bd4053155e54955790062800000000000000000000651784d37879d795d287bdc39cae943dee1632ed8b4000c8000000000000000000001ef400fceee1000000000000000000000000000000000000079f2f419e7cbdb47fb800f5000000000000000000000000000000000021f9043f24c5c7c80b222d0fb4019000000000000000000000844d93501ab57f37004200000005225dd5226db01fedfc7f6defe97feff00c7f600dab7a0000003e633f4f2bba17d3e633f4f2bba14c5d31742b2ba50f7b87395d287bdc378ece2d000320000000000000000001ce474f27bdc39c8e9e4f78c66d2f45005713752555e401080000001a29bd5a28000000000001953784d378005cf4da176d3680064c8000000000000000000018d5696355a5bd4053155e54955790062800000000000000000000651784d37879d795d287bdc39cae943dee1632ed8b4000c8000000000000000000001ef400fceee1000000000000000000000000000000000000079f2f419e7cbdb47fb800f5000000000000000000000000000000000021f9043f24c5c7c80b222d0fb4019000000000000000000000844d93501ab57f37004200000005225dd5226db01fedfc7f6defe97feff00c7f600dab7a0000003e633f4f2bba17d3e633f4f2bba14c5d31742b2ba50f7b87395d287bdc378ece2d000320000000000000000001ce474f27bdc39c8e9e4f78c66d2f45005713752555e401080000001a29bd5a28000000000001953784d378005cf4da176d3680064c8000000000000000000018d5696355a5bd4053155e54955790062800000000000000000000651784d37879d795d287bdc39cae943dee1632ed8b4000c8000000000000000000001ef400fceee1000000000000000000000000000000000000079f2f419a77559a2768cf3c68af49e944c45c55b1693559a2768cf3c68af48d56689da33cf1a2bd27a6dc0ab62d26ab344ed19e78d15e91aacd13b4679e3457a46dc0ab62d26ab344ed19e78d15e91aacd13b4679e3457a46dc0ab62d26ab344ed19e78d15e91aacd13b4679e3457a46dc0ab62d26ab344ed19e78d15e91aacd13b4679e3457a46dc0ab62d26ab344ed19e78d15e91aacd13b4679e3457a46dc0ab62d26ab344ed19e78d15e91aacd13b4679e3457a46dc0ab62d26ab344ed19e78d15e91aacd13b4679e3457a46dc0ab62d26ab344ed19e78d15e92ada62626c0032000000021f9043f24c5c7c80b222d0fb4019000000000000000000000844d93501ab57f37004200000005225dd5226db01fedfc7f6defe97feffc7f600dab7a0000003e633f4f2bba17d3e633f4f2bba14c5d31742b2ba50f7b87395d287bdc378ece2d000320000000000000000001ce474f27bdc39c8e9e4f78c66d2f45005713752555e401080000001a29bd5a28000000000001953784d378005cf4da176d3680064c8000000000000000000018d5696355a5bd4053155e54955790062800000000000000000000651784d37879d795d287bdc39cae943dee1632ed8b4000c8000000000000000000001ef400fceee1000000000000000000000000000000000000000000000000000000000000000079f2f419e7cbdb47fb800f5000000021f9043f24c5c7c80b222d0fb4019000000000000000000000844d93501ab57f37004200000005225dd5226db01fedfc7f6defe97feffc7f600dab7a0000003e633f4f2bba17d3e633f4f2bba14c5d31742b2ba50f7b87395d287bdc378ece2d000320000000000000000001ce474f27bdc39c8e9e4f78c66d2f45005713752555e401080000001a29bd5a28000000000001953784d378005cf4da176d3680064c8000000000000000000018d5696355a5bd4053155e54955790062800000000000000000000651784d37879d795d287bdc39cae943dee1632ed8b4000c8000000000000000000001ef400fceee1000000000000000000000000000000000000000000000000000000000000000079f2f419e7cbdb47fb800f5000000021f9043f24c5c7c80b222d0fb4019000000000000000000000844d93501ab57f37004200000005225dd5226db01fedfc7f6defe97feffc7f600dab7a0000003e633f4f2bba17d3e633f4f2bba14c5d31742b2ba50f7b87395d287bdc378ece2d000320000000000000000001ce474f27bdc39c8e9e4f78c66d2f45005713752555e401080000001a29bd5a28000000000001953784d378005cf4da176d3680064c8000000000000000000018d5696355a5bd4053155e54955790062800000000000000000000651784d37879d795d287bdc39cae943dee1632ed8b4000c8000000000000000000001ef400fceee1000000000000000000000000000000000000000000000000000000000000000079f2f419e7cbdb47fb800f5000000021f9043f24c5c7c80b222d0fb4019000000000000000000000844d93501ab57f37004200000005225dd5226db01fedfc7f6defe97feffc7f600dab7a0000003e633f4f2bba17d3e633f4f2bba14c5d31742b2ba50f7b87395d287bdc378ece2d000320000000000000000001ce474f27bdc39c8e9e4f78c66d2f45005713752555e401080000001a29bd5a28000000000001953784d378005cf4da176d3680064c8000000000000000000018d5696355a5bd4053155e54955790062800000000000000000000651784d37879d795d287bdc39cae943dee1632ed8b4000c8000000000000000000001ef400fceee1000000000000000000000000000000000000000000000000000000000000000079f2f419e7cbdb47fb800f5000000021f9043f24c5c7c80b222d0fb4019000000000000000000000844d93501ab57f37004200000005225dd5226db01fedfc7f6defe97feffc7f600dab7a0000003e633f4f2bba17d3e633f4f2bba14c5d31742b2ba50f7b87395d287bdc378ece2d000320000000000000000001ce474f27bdc39c8e9e4f78c66d2f45005713752555e401080000001a29bd5a28000000000001953784d378005cf4da176d3680064c8000000000000000000018d5696355a5bd4053155e54955790062800000000000000000000651784d37879d795d287bdc39cae943dee1632ed8b4000c8000000000000000000001ef400fceee1000000000000000000000000000000000000000000000000000000000000000055bd566965a33371a37d25a419455316156f559a5968ccdc68df48d566965a33371a37d25a4196dc8ab7aacd2cb4666e346fa46ab34b2d199b8d1be92d206dc8ab7aacd2cb4666e346fa46ab34b2d199b8d1be92d206dc8ab7aacd2cb4666e346fa4e3559a5968ccdc68df4969436e4559d55e96da33371a37d23557a5b68ccdc68df496986c79a62fafc47b3d36ea559d55e96da33371a37d23557a5b68ccdc68df496984f34c5f5f88f637952aceaaf4b6d199b8d1be91aabd2db4666e346fa4b4c1cd317d7e23d8de54ab3aabd2db4666e346fa46aaf4b6d199b8d1be92d30734c5f5f88f637952aceaaf4b6d199b8d1be91aabd2db4666e346fa4b4c1cd317d7e23d8de54ab3aabd2db4666e346fa46aaf4b6d199b8d1be92d30734c5f5f88f637952aceaaf4b6d199b8d1be91aabd2db4666e346fa4b4c1cd317d7e23d8de54ab3aabd2db4666e346fa46aaf4b6d199b8d1be92d30734c5f5f88f637952aceaaf4b6d199b8d1be91aabd2db4666e346fa4b4c11faa62f5fcfe23d9135d5a94b007551670f3700000000015d7573a4dd7a6ae2c67a6b143df47a6ab45af67f77d3a1c457a0d7b1fbabaeae749baf4d5c58cf4cd5ce9375e9ab8b19e9ac50f6e2f4afa79869fe9d95d7573a4dd7a6ae2c67a66ae749baf4d5c58cf4d62838bd29cc34ff004ecaebab9d26ebd3571633d33573a4dd7a6ae2c67a6b141c5e94e61a7fa76575d5ce9375e9ab8b19e9b8caff006e549b2b26183f3d357fdc1f87eac67a6b161c6694e61a7fa76559caff006a149e1861873a4d5c48cf4cd53e93dab3571233d35a61f4733c4e7e1f673cc6f5f8559d53e93dab3571233d3354fa4f6acd5c48cf4d698399e273f09e798debf0ab3aa7d27b566ae2467a66a9f49ed59ab8919e9ad30733c4e7e0e798debf0ab3aa7d27b566ae2467a66a9f49ed59ab8919e9ad30733c4e7e0e798debf0ab3aa7d27b566ae2467a66a9f49ed59ab8919e9ad30733c4e7e0e798debf0ab3aa7d27b566ae2467a66a9f49ed59ab8919e9ad30733c4e7e0e798debf0ab3aa7d27b566ae2467a66a9f49ed59ab8919e9ad30733c4e7e0e798debf0ab3aa7d27b566ae2467a66a9f49ed59ab8919e9ad30733c4e7e0e798debf0ab3aa7d27b566ae2467a664ffb50a4f065410e749abfebff00e919e9ad30733c4e7e11cf31bd7e001ab6867fc80200000001a29bd5a28000000000001953784d378005cf4da176d3680064c8000000000000000000018d5696355a5bd4053155e54955790062800000000000000000000496559caff6a149e1861873a4d5c48cf4cd53e93dab3571233d35a61b4e6789cfc37dcf31bd7e156754fa4f6acd5c48cf4cd53e93dab3571233d35a60e6789cfc279e637afc2acea9f49ed59ab8919e99aa7d27b566ae2467a6b4c1ccf139f839e637afc2acea9f49ed59ab8919e99aa7d27b566ae2467a6b4c1ccf139f839e637afc2acea9f49ed59ab8919e99aa7d27b566ae2467a6b4c1ccf139f839e637afc2acea9f49ed59ab8919e99aa7d27b566ae2467a6b4c1ccf139f839e637afc2acea9f49ed59ab8919e99aa7d27b566ae2467a6b4c1ccf139f839e637afc2acea9f49ed59ab8919e99aa7d27b566ae2467a6b4c1ccf139f839e637afc2acea9f49ed59ab8919e99aa7d27b566ae2467a6b4c1ccf139f839e637afc2e980aa9b6000000000000000000000000000000000000000000000000000000000000000000000000000000000000000000000000000000004c5d13652c01df459c5cdc0120000000000000000000000000000000000000000000000000000000000000d14dead14000000000000ca9bc269bc002e7a6d0bb69b400326400000000000000000000c6ab4b1aad2dea0298aaf2a4aabc803140000000000000000000000000000000000000000000000002e980afdda80000000000000000000000000000000000000000000000000000000000000000000000000000000000000000000000000000000262e89b29600efa2ce2e6e009000000000000000000000000000000000000000000000000000000000000068a6f568a000000000000654de134de00173d3685db4da001932000000000000000000006355a58d5696f5014c557952555e4018a000000000000000000000000000000000000000000000000174c057eed40000000000000000000000000000000000000000000000000000000000000000000000000000000000000000000000000000000131744d94b0077d1671737004800000000000000000000000000000000000000000000000000000000000034537ab4500000000000032a6f09a6f000b9e9b42eda6d000c990000000000000000000031aad2c6ab4b7a80a62abca92aaf200c50000000000000000000000000000000000000000000000000ba602bf76a0000000000000000000000000000000000000000000000000000000000000000000000000000000000000000000000000000000098ba26ca5803be8b38b9b80240000000000000000000000000000000000000000000000000000000000001a29bd5a28000000000001953784d378005cf4da176d3680064c8000000000000000000018d5696355a5bd4053155e5495579006280000000000000000000000000000000000000000000000005d3015fbb5000000000000000000000000000000000000000000000000000000000000000000000000000000000000000000000000000000004c5d13652c01df459c5cdc0120000000000000000000000000000000000000000000000000000000000000d14dead14000000000000ca9bc269bc002e7a6d0bb69b400326400000000000000000000c6ab4b1aad2dea0298aaf2a4aabc803140000000000000000000000000000000000000000000000002e980afdda80000000000000000000000000000000000000000000000000000000000000000000000000000000000000000000000000000000262e89b29600efa2ce2e6e009000000000000000000000000000000000000000000000000000000000000068a6f568a000000000000654de134de00173d3685db4da001932000000000000000000006355a58d5696f5014c557952555e4018a000000000000000000000000000000000000000000000000174c057eed40000000000000000000000000000000000000000000000000000000000000000000000000000000000000000000000000000000131744d94b0077d1671737004800000000000000000000000000000000000000000000000000000000000034537ab4500000000000032a6f09a6f000b9e9b42eda6d000c990000000000000000000031aad2c6ab4b7a80a62abca92aaf200c50000000000000000000000000000000000000000000000000ba602bf76a0000000000000000000000000000000000000000000000000000000000000000000000000000000000000000000000000000000098ba26ca5803be8b38b9b80240000000000000000000000000000000000000000000000000000000000001a29bd5a28000000000001953784d378005cf4da176d3680064c8000000000000000000018d5696355a5bd4053155e5495579006280000000000000000000000000000000000000000000000005d3015fbb5000000000000000000000000000000000000000000000000000000000000000000000000000000000000000000000000000000004c5c52c0164c683fc5dace53aff00dfc7e4013b8faa3947dfe3f2006e3ea728fbfc7e400dc7d4e51f7f8fc801b8fa9ca3eff1f900371f53947dfe3f2006e3ea728fbfc7e400dc7d4e51f7f8fc801b8fa9ca3eff001f900371f53947dfe3f2006e3ea728fbfc7e400dc7d4e51f7f8fc801b8fa9ca3eff1f900371f53947dfe3f2006e3ea728fbfc7e400dc7d4e51f7f8fc801b8fa9ca3eff001f900371f53947dfe3f2006e3ea728fbfc7e400dc7d4e51f7f8fc801b8fa9ca3eff1f900371f53947dfe3f234537ab451b8fa9ca3eff001f900371f53947dfe3f2006e3ea728fbfc7e400dc7d4e51f7f8fc8026341aa75eb4c7e93aa75edf8fc803b48fd73546addf976d18fd51ab64013cf3ff3f3f84f30fb400e79ff009f9fc1cc3ed0039e7fe7e7f0730fb400e79ff9f9fc1cc3ed0039e7fe7e7f0730fb400e79ff009f9fc1cc3ed0039e7fe7e7f0730fb40113fae6b8d5bbf3f844e3f5c6ad96f501c5ce835cebd6e267f49d73af6fc7e4011b8faa3947dfe3f2006e3ea728fbfc7e400dc7d4e51f7f8fc801b8fa9ca3eff1f900371f53947dfe3f2006e3ea728fbfc7e400dc7d4e51f7f8fc801b8fa9ca3eff001f900371f53947dfe3f2006e3ea728fbfc7e400dc7d4e51f7f8fc801b8fa9ca3eff1f900371f53947dfe3f2006e3ea728fbfc7e400dc7d4e51f7f8fc801b8fa9ca3eff001f900371f53947dfe3f2ba602b46d000000000000000000000000000000000000000000000000000000000000000000000000000000000000000000000000000000001945e052c016945a1f68032000000000000000000000000000000000000000000000000000000000000068a6f568a00000000000000000000000000000000000000006f500000000000000000000000000000000000000000000000000000174c0552f8800000000000000000000000000000000000000000000000000000000000000000000000000000000000000000000000000000001945e052c016945a1f68032000000000000000000000000000000000000000000000000000000000000068a6f568a00000000000000000000000000000000000000006f500000000000000000000000000000000000000000000000000000174c0552f8800000000000000000000000000000000000000000000000000000000000000000000000000000000000000000000000000000001945e052c016945a1f68032000000000000000000000000000000000000000000000000000000000000068a6f568a00000000000000000000000000000000000000006f500000000000000000000000000000000000000000000000000000174c0552f8800000000000000000000000000000000000000000000000000000000000000000000000000000000000000000000000000000001945e052c016945a1f68032000000000000000000000000000000000000000000000000000000000000068a6f568a00000000000000000000000000000000000000006f500000000000000000000000000000000000000000000000000000174c0552f8800000000000000000000000000000000000000000000000000000000000000000000000000000000000000000000000000000001945e0504cf52ddbf860b8cf52ddbf860b9d216945a1f6bbb9ea5bb7f0c1719ea5bb7f0c173a4321ddcf52ddbf860b8cf52ddbf860b9d201ddcf52ddbf860b8cf52ddbf860b9d201ddcf52ddbf860b8cf52ddbf860b9d201ddcf52ddbf860b8cf52ddbf860b9d201ddcf52ddbf860b8cf52ddbf860b9d201ddcf52ddbf860b8cf52ddbf860b9d201ddcf52ddbf860b8cf52ddbf860b9d201ddcf52ddbf860b8cf52ddbf860b9d201ddcf52ddbf860b8cf52ddbf860b9d201ddcf52ddbf860b8cf52ddbf860b9d201ddcf52ddbf860b8cf52ddbf860b9d201ddcf52ddbf860b8cf52ddbf860b9d201ddcf52ddbf860b8cf52ddbf860b9d201ddcf52ddbf860b8cf52ddbf860b9d201ddcf52ddbf860b8cf52ddbf860b9d201ddcf52ddbf860b8cf52ddbf860b9d201ddcf52ddbf860b8cf52ddbf860b9d201ddcf52ddbf860b8cf52ddbf860b9d201ddcf52ddbf860b8cf52ddbf860b9d201ddcf52ddbf860b8cf52ddbf860b9d201ddcf52ddbf860b982cc320eafe3cabd90018fcc320eafe3cabccc320eafe3cabd90018fcc320eafe3cabccc320eafe3cabd90018fcc320eafe3cabccc320eafe3cabd90018fcc320eafe3cabccc320eafe3cabd90018fcc320eafe3cabccc320eafe3cabd90018fcc320eafe3cabccc320eafe3cabd90018fcc320eafe3cabccc320eafe3cabd90018fcc320eafe3cabccc320eafe3cabd90018fcc320eafe3cabccc320eafe3cabd90018fcc320eafe3cabccc320eafe3cabd90018fcc320eafe3cabccc320eafe3cabd90018fcc320eafe3cabccc320eafe3cabd90018fcc320eafe3cabccc320eafe3cabd9001ddcf52ddbf860b8cf52ddbf860b9d201ddcf52ddbf860b8cf52ddbf860b9d201ddcf52ddbf860b8cf52ddbf860b9d201ddcf52ddbf860b8cf52ddbf860b9d201ddcf52ddbf860b8cf52ddbf860b9d201ddcf52ddbf860b8cf52ddbf860b9d201ddcf52ddbf860b8cf52ddbf860b9d201ddcf52ddbf860b8cf52ddbf860b9d201ddcf52ddbf860b8cf52ddbf860b9d201ddcf52ddbf860b8cf52ddbf860b9d201ddcf52ddbf860b8cf52ddbf860b9d201ddcf52ddbf860b8cf52ddbf860b9d201ddcf52ddbf860b8cf52ddbf860b9d201ddcf52ddbf860b8cf52ddbf860b9d201ddcf52ddbf860b8cf52ddbf860b9d201ddcf52ddbf860b8cf52ddbf860b9d201ddcf52ddbf860b8cf52ddbf860b9d201ddcf52ddbf860b8cf52ddbf860b9d201e8400aa5f100000000000000000000000000000000000000000000000000000000000000000000000000000000000000000000000000000000328bc0f3dc05a51687da00c80000000000000000000000000000000000000000000000000000000000000000000000000000000000000000000000000000000000000000000000000000000000000000000000000000000000007a1002a97c400000000000000000000000000000000000000000000000000000000000000000000000000000000000000000000000000000000ca2f03cf7016945a1f680320000000000000000000000000000000000000000000000000000000000000000000000000000000000000000000000000000000000000000000000000000000000000000000000000000000000001e8400aa5f100000000000000000000000000000000000000000000000000000000000000000000000000000000000000000000000000000000328bc0f3dc05a51687da00c80000000000000000000000000000000000000000000000000000000000000000000000000000000000000000000000000000000000000000000000000000000000000000000000000000000000007a1002a97c400000000000000000000000000000000000000000000000000000000000000000000000000000000000000000000000000000000ca2f03cf7016945a1f680320000000000000000000000000000000000000000000000000000000000000000000000000000000000000000000000000000000000000000000000000000000000000000000000000000000000001e8400aa5f100000000000000000000000000000000000000000000000000000000000000000000000000000000000000000000000000000000328bc0f3dc05a51687da00c80000000000000000000000000000000000000000000000000000000000000000000000000000000000000000000000000000000000000000000000000000000000000000000000000000000000007a1002a97c400000000000000000000000000000000000000000000000000000000000000000000000000000000000000000000000000000000ca2f03cf7016945a1f680320000000000000000000000000000000000000000000000000000000000000000000000000000000000000000000000000000000000000000000000000000000000000000000000000000000000001e8400aa5f100000000000000000000000000000000000000000000000000000000000000000000000000000000000000000000000000000000328bc0f3dc05a51687da00c80000000000000000000000000000000000000000000000000000000000000000000000000000000000000000000000000000000000000000000000000000000000000000000000000000000000007a1002a97c400000000000000000000000000000000000000000000000000000000000000000000000000000000000000000000000000000000ca2f03cf7016945a1f680320000000000000000000000000000000000000000000000000000000000000000000000000000000000000000000000000000000000000000000000000000000000000000000000000000000000001e8400aa5f100000000000000000000000000000000000000000000000000000000000000000000000000000000000000000000000000000000328bc0f3dc05a51687da00c80000000000000000000000000000000000000000000000000000000000000000000000000000000000000000000000000000000000000000000000000000000000000000000000000000000000007a1002a97c400000000000000000000000000000000000000000000000000000000000000000000000000000000000000000000000000000000ca2f03cf7016945a1f680320000000000000000000000000000000000000000000000000000000000000000000000000000000000000000000000000000000000000000000000000000000000000000000000000000000000001e8400aa5f100000000000000000000000000000000000000000000000000000000000000000000000000000000000000000000000000000000328bc0f3dc05a51687da00c80000000000000000000000000000000000000000000000000000000000000000000000000000000000000000000000000000000000000000000000000000000000000000000000000000000000007a1002a97c400000000000000000000000000000000000000000000000000000000000000000000000000000000000000000000000000000000ca2f03cf7016945a1f680320000000000000000000000000000000000000000000000000000000000000000000000000000000000000000000000000000000000000000000000000000000000000000000000000000000000001e8400aa5f100000000000000000000000000000000000000000000000000000000000000000000000000000000000000000000000000000000328bc0f3dc05a51687da00c80000000000000000000000000000000000000000000000000000000000000000000000000000000000000000000000000000000000000000000000000000000000000000000000000000000000007fffd9, '2025-06-16 15:06:30', 'dxEBdB_hS4yHzUorFpnrBw:APA91bFJgQB6s9lMkoMiLjz-67g-b1XsR1OIAR_4IzDuFjwYtimVpykLM1iDcS2Httopgo49x1PGOqGR3b8PiZT-OOkQr6kyCa7-gglbpXSpG9hCMsxSXAQ');
INSERT INTO `users` (`id`, `email`, `password`, `salt`, `lastname`, `firstname`, `middlename`, `description`, `photo`, `last_activity`, `fcm_token`) VALUES
(35, 'anna.ivanova@example.com', '07640cd2018404a678e0a18f7c20adff4f9081a2651d0528d05bf642f02cd4e4c41ff49fb314bffc74621cb87b4a5e6daafd5a9d4e1213b4889f0513d1932a87', 'c8fffa8d19c6c1d96dc26f7c97ea9e40d14bd933c79f118eeaed320151849e10', 'Иванова', 'Анна', 'Петровна', 'Пусто', NULL, '2025-06-16 21:45:47', 'dxEBdB_hS4yHzUorFpnrBw:APA91bFJgQB6s9lMkoMiLjz-67g-b1XsR1OIAR_4IzDuFjwYtimVpykLM1iDcS2Httopgo49x1PGOqGR3b8PiZT-OOkQr6kyCa7-gglbpXSpG9hCMsxSXAQ'),
(36, 'peter.smirnov@example.com', '31b82cd715ad514c5f2976f20103125aa8a026c32e023bf94945b24d040b7e9564850c145a3c87f7641f35dec9217a0223636ec859e2f3419f87bbe14b9bd000', 'a6107e9f8e34a4c8844c91385fed204b7d1610c71186e4f3772f361de690cfdb', 'Смирнов', 'Пётр', 'Сергеевич', 'Пусто', NULL, NULL, ''),
(37, 'maria.popova@example.com', 'e2bbc2bdf2c277961705d028f3c9ff1f5f1fabd543aa02ed9b2d2672bd74bc78216c398f1d236b3484ff9429702638019f6f26279173bddf4ab9669d6a38a8d8', '303bc57b0f51b639dbeb3c8035b4a4222b1c94474746135c8322a22af96fb48f', 'Попова', 'Мария', 'Алексеевна', 'Пусто', NULL, NULL, ''),
(38, 'alexander.dmitriev@example.com', 'aae25fc2689f14f6483d9e1aca447335db7aa4c0025301a7ec6847d7d885fa9631f3b2cc3a2f228ab0c1edd5703c82ff30d14da24b9b1ffce4ec8ee6140d3266', '360b4d033f4526d2d228afa44f5f97ac1c8da39420c85cb0b70cdc6a5c662b46', 'Дмитриев', 'Александр', 'Викторович', 'Пусто', NULL, NULL, ''),
(39, 'dmitry.kozlov@example.com', 'be409a3c6ad44cb6d3d8ed08128cf9a5764ce809a6512b5e03031218618a024c6fdb5b814ef326f1c1b55c9b8480e02f48f681703197fb93be820bc384e4d347', '4773f137be6b1fa706f8381179aa1df431dbe04bb03ab36e81acbbb0b76aa93f', 'Козлов', 'Дмитрий', 'Николаевич', 'Пусто', NULL, NULL, '');

--
-- Триггеры `users`
--
DELIMITER $$
CREATE TRIGGER `hash_password_before_insert` BEFORE INSERT ON `users` FOR EACH ROW BEGIN
    -- Проверяем, что пароль не пустой и не равен NULL
    IF NEW.password IS NOT NULL AND NEW.password != '' THEN
        -- Если соль не предоставлена, генерируем новую
        IF NEW.salt IS NULL OR NEW.salt = '' OR NEW.salt = '0' THEN
            SET NEW.salt = SHA2(UUID(), 256);
        END IF;
        
        -- Хэшируем пароль с использованием соли
        SET NEW.password = SHA2(CONCAT(NEW.password, NEW.salt), 512);
    END IF;
END
$$
DELIMITER ;
DELIMITER $$
CREATE TRIGGER `hash_password_before_update` BEFORE UPDATE ON `users` FOR EACH ROW BEGIN
    -- Проверяем, был ли изменён пароль
    IF NEW.password != OLD.password OR OLD.password IS NULL THEN
    
        -- Если пароль не пустой и не NULL
        IF NEW.password IS NOT NULL AND NEW.password != '' THEN
        
            -- Если соль не задана или равна '0', генерируем новую
            IF NEW.salt IS NULL OR NEW.salt = '' OR NEW.salt = '0' THEN
                SET NEW.salt = SHA2(UUID(), 256);
            END IF;
            
            -- Хэшируем новый пароль с использованием текущей соли
            SET NEW.password = SHA2(CONCAT(NEW.password, NEW.salt), 512);
        
        END IF;
    
    END IF;
END
$$
DELIMITER ;

--
-- Индексы сохранённых таблиц
--

--
-- Индексы таблицы `chapters_subtask`
--
ALTER TABLE `chapters_subtask`
  ADD PRIMARY KEY (`id`),
  ADD KEY `chapters_subtask_ibfk_1` (`task_id`);

--
-- Индексы таблицы `chapters_task`
--
ALTER TABLE `chapters_task`
  ADD PRIMARY KEY (`id`),
  ADD KEY `project_id` (`project_id`);

--
-- Индексы таблицы `participants`
--
ALTER TABLE `participants`
  ADD PRIMARY KEY (`id`),
  ADD KEY `project_id` (`project_id`),
  ADD KEY `user_id` (`user_id`);

--
-- Индексы таблицы `projects`
--
ALTER TABLE `projects`
  ADD PRIMARY KEY (`id`),
  ADD KEY `creator` (`creator`);

--
-- Индексы таблицы `subtasks`
--
ALTER TABLE `subtasks`
  ADD PRIMARY KEY (`id`),
  ADD KEY `task_id` (`task_id`),
  ADD KEY `creator_id` (`creator_id`),
  ADD KEY `subtasks_ibfk_1` (`chapter_id`),
  ADD KEY `subtasks_ibfk_2` (`responsible`);

--
-- Индексы таблицы `tasks`
--
ALTER TABLE `tasks`
  ADD PRIMARY KEY (`id`),
  ADD KEY `tasks_ibfk_1` (`creator_id`),
  ADD KEY `tasks_ibfk_3` (`project_id`),
  ADD KEY `tasks_ibfk_2` (`chapter_id`);

--
-- Индексы таблицы `task_responsible`
--
ALTER TABLE `task_responsible`
  ADD PRIMARY KEY (`id`),
  ADD KEY `user` (`user_id`),
  ADD KEY `task_responsible_ibfk_1` (`task_id`);

--
-- Индексы таблицы `users`
--
ALTER TABLE `users`
  ADD PRIMARY KEY (`id`);

--
-- AUTO_INCREMENT для сохранённых таблиц
--

--
-- AUTO_INCREMENT для таблицы `chapters_subtask`
--
ALTER TABLE `chapters_subtask`
  MODIFY `id` int NOT NULL AUTO_INCREMENT, AUTO_INCREMENT=49;

--
-- AUTO_INCREMENT для таблицы `chapters_task`
--
ALTER TABLE `chapters_task`
  MODIFY `id` int NOT NULL AUTO_INCREMENT, AUTO_INCREMENT=76;

--
-- AUTO_INCREMENT для таблицы `participants`
--
ALTER TABLE `participants`
  MODIFY `id` int NOT NULL AUTO_INCREMENT, AUTO_INCREMENT=64;

--
-- AUTO_INCREMENT для таблицы `projects`
--
ALTER TABLE `projects`
  MODIFY `id` int NOT NULL AUTO_INCREMENT, AUTO_INCREMENT=53;

--
-- AUTO_INCREMENT для таблицы `subtasks`
--
ALTER TABLE `subtasks`
  MODIFY `id` int NOT NULL AUTO_INCREMENT, AUTO_INCREMENT=49;

--
-- AUTO_INCREMENT для таблицы `tasks`
--
ALTER TABLE `tasks`
  MODIFY `id` int NOT NULL AUTO_INCREMENT, AUTO_INCREMENT=98;

--
-- AUTO_INCREMENT для таблицы `task_responsible`
--
ALTER TABLE `task_responsible`
  MODIFY `id` int NOT NULL AUTO_INCREMENT, AUTO_INCREMENT=46;

--
-- AUTO_INCREMENT для таблицы `users`
--
ALTER TABLE `users`
  MODIFY `id` int NOT NULL AUTO_INCREMENT, AUTO_INCREMENT=40;

--
-- Ограничения внешнего ключа сохраненных таблиц
--

--
-- Ограничения внешнего ключа таблицы `chapters_subtask`
--
ALTER TABLE `chapters_subtask`
  ADD CONSTRAINT `chapters_subtask_ibfk_1` FOREIGN KEY (`task_id`) REFERENCES `tasks` (`id`) ON DELETE CASCADE ON UPDATE CASCADE;

--
-- Ограничения внешнего ключа таблицы `chapters_task`
--
ALTER TABLE `chapters_task`
  ADD CONSTRAINT `chapters_task_ibfk_1` FOREIGN KEY (`project_id`) REFERENCES `projects` (`id`) ON DELETE CASCADE ON UPDATE CASCADE;

--
-- Ограничения внешнего ключа таблицы `participants`
--
ALTER TABLE `participants`
  ADD CONSTRAINT `participants_ibfk_1` FOREIGN KEY (`project_id`) REFERENCES `projects` (`id`) ON DELETE RESTRICT ON UPDATE RESTRICT,
  ADD CONSTRAINT `participants_ibfk_2` FOREIGN KEY (`user_id`) REFERENCES `users` (`id`) ON DELETE RESTRICT ON UPDATE RESTRICT;

--
-- Ограничения внешнего ключа таблицы `projects`
--
ALTER TABLE `projects`
  ADD CONSTRAINT `projects_ibfk_1` FOREIGN KEY (`creator`) REFERENCES `users` (`id`) ON DELETE RESTRICT ON UPDATE RESTRICT;

--
-- Ограничения внешнего ключа таблицы `subtasks`
--
ALTER TABLE `subtasks`
  ADD CONSTRAINT `subtasks_ibfk_1` FOREIGN KEY (`chapter_id`) REFERENCES `chapters_subtask` (`id`) ON DELETE CASCADE ON UPDATE CASCADE,
  ADD CONSTRAINT `subtasks_ibfk_2` FOREIGN KEY (`responsible`) REFERENCES `users` (`id`) ON DELETE CASCADE ON UPDATE CASCADE,
  ADD CONSTRAINT `subtasks_ibfk_3` FOREIGN KEY (`task_id`) REFERENCES `tasks` (`id`) ON DELETE RESTRICT ON UPDATE RESTRICT,
  ADD CONSTRAINT `subtasks_ibfk_4` FOREIGN KEY (`creator_id`) REFERENCES `users` (`id`) ON DELETE RESTRICT ON UPDATE RESTRICT;

--
-- Ограничения внешнего ключа таблицы `tasks`
--
ALTER TABLE `tasks`
  ADD CONSTRAINT `tasks_ibfk_1` FOREIGN KEY (`creator_id`) REFERENCES `users` (`id`) ON DELETE RESTRICT ON UPDATE RESTRICT,
  ADD CONSTRAINT `tasks_ibfk_2` FOREIGN KEY (`chapter_id`) REFERENCES `chapters_task` (`id`) ON DELETE CASCADE ON UPDATE CASCADE,
  ADD CONSTRAINT `tasks_ibfk_3` FOREIGN KEY (`project_id`) REFERENCES `projects` (`id`) ON DELETE CASCADE ON UPDATE CASCADE;

--
-- Ограничения внешнего ключа таблицы `task_responsible`
--
ALTER TABLE `task_responsible`
  ADD CONSTRAINT `task_responsible_ibfk_1` FOREIGN KEY (`task_id`) REFERENCES `tasks` (`id`) ON DELETE CASCADE ON UPDATE CASCADE,
  ADD CONSTRAINT `task_responsible_ibfk_2` FOREIGN KEY (`user_id`) REFERENCES `users` (`id`) ON DELETE RESTRICT ON UPDATE RESTRICT;
COMMIT;

/*!40101 SET CHARACTER_SET_CLIENT=@OLD_CHARACTER_SET_CLIENT */;
/*!40101 SET CHARACTER_SET_RESULTS=@OLD_CHARACTER_SET_RESULTS */;
/*!40101 SET COLLATION_CONNECTION=@OLD_COLLATION_CONNECTION */;
