-- phpMyAdmin SQL Dump
-- version 5.2.0
-- https://www.phpmyadmin.net/
--
-- Хост: 127.0.0.1:3306
-- Время создания: Май 20 2025 г., 08:12
-- Версия сервера: 8.0.30
-- Версия PHP: 7.2.34

SET SQL_MODE = "NO_AUTO_VALUE_ON_ZERO";
START TRANSACTION;
SET time_zone = "+00:00";


/*!40101 SET @OLD_CHARACTER_SET_CLIENT=@@CHARACTER_SET_CLIENT */;
/*!40101 SET @OLD_CHARACTER_SET_RESULTS=@@CHARACTER_SET_RESULTS */;
/*!40101 SET @OLD_COLLATION_CONNECTION=@@COLLATION_CONNECTION */;
/*!40101 SET NAMES utf8mb4 */;

--
-- База данных: `stuid`
--

DELIMITER $$
--
-- Процедуры
--
CREATE DEFINER=`root`@`%` PROCEDURE `VerifyUserPassword` (IN `p_email` VARCHAR(50), IN `p_password` VARCHAR(128))   BEGIN
    DECLARE user_salt CHAR(64);
    DECLARE stored_password CHAR(128);
    DECLARE user_id INT;

    SELECT salt, password, id INTO user_salt, stored_password, user_id
    FROM users
    WHERE email = p_email
    LIMIT 1;

    IF user_salt IS NULL THEN
        SELECT FALSE AS IsValid, NULL AS UserId;
    ELSE
        IF SHA2(CONCAT(p_password, user_salt), 512) = stored_password THEN
            SELECT TRUE AS IsValid, user_id AS UserId;
        ELSE
            SELECT FALSE AS IsValid, NULL AS UserId;
        END IF;
    END IF;
END$$

DELIMITER ;

-- --------------------------------------------------------

--
-- Структура таблицы `chapters`
--

CREATE TABLE `chapters` (
  `id` int NOT NULL,
  `name` varchar(100) NOT NULL
) ENGINE=InnoDB DEFAULT CHARSET=utf8mb4 COLLATE=utf8mb4_0900_ai_ci;

--
-- Дамп данных таблицы `chapters`
--

INSERT INTO `chapters` (`id`, `name`) VALUES
(1, 'Разработка'),
(2, 'Тестирование'),
(3, 'Дизайн'),
(4, 'Документация'),
(5, 'Внедрение');

-- --------------------------------------------------------

--
-- Структура таблицы `participants`
--

CREATE TABLE `participants` (
  `id` int NOT NULL,
  `project_id` int NOT NULL,
  `user_id` int NOT NULL
) ENGINE=InnoDB DEFAULT CHARSET=utf8mb4 COLLATE=utf8mb4_0900_ai_ci;

--
-- Дамп данных таблицы `participants`
--

INSERT INTO `participants` (`id`, `project_id`, `user_id`) VALUES
(1, 1, 1),
(2, 1, 2),
(3, 1, 3),
(4, 2, 2),
(5, 2, 4),
(6, 3, 3),
(7, 3, 5),
(8, 10, 5),
(9, 11, 1),
(10, 11, 2),
(11, 11, 3);

-- --------------------------------------------------------

--
-- Структура таблицы `projects`
--

CREATE TABLE `projects` (
  `id` int NOT NULL,
  `name` varchar(100) NOT NULL,
  `description` text NOT NULL,
  `is_public` tinyint(1) NOT NULL,
  `creator` int NOT NULL
) ENGINE=InnoDB DEFAULT CHARSET=utf8mb4 COLLATE=utf8mb4_0900_ai_ci;

--
-- Дамп данных таблицы `projects`
--

INSERT INTO `projects` (`id`, `name`, `description`, `is_public`, `creator`) VALUES
(1, 'Учебный портал', 'Портал для онлайн-обучения студентов', 1, 1),
(2, 'Мобильное приложение', 'Приложение для учета задач', 1, 2),
(3, 'Корпоративный сайт', 'Сайт компании для клиентов', 0, 3),
(6, 'f', '', 0, 1),
(7, 'jk', 'ghgjh', 1, 1),
(8, 'tes', 'tes', 1, 1),
(9, 'te', 'te', 1, 1),
(10, 'sad', 'ds', 0, 21),
(11, '222', '222', 0, 21);

-- --------------------------------------------------------

--
-- Структура таблицы `subtasks`
--

CREATE TABLE `subtasks` (
  `id` int NOT NULL,
  `task_id` int NOT NULL,
  `name` varchar(100) CHARACTER SET utf8mb4 COLLATE utf8mb4_0900_ai_ci NOT NULL,
  `description` text CHARACTER SET utf8mb4 COLLATE utf8mb4_0900_ai_ci NOT NULL,
  `responsible` int NOT NULL,
  `chapter_id` int NOT NULL
) ENGINE=InnoDB DEFAULT CHARSET=utf8mb4 COLLATE=utf8mb4_0900_ai_ci;

--
-- Дамп данных таблицы `subtasks`
--

INSERT INTO `subtasks` (`id`, `task_id`, `name`, `description`, `responsible`, `chapter_id`) VALUES
(1, 1, 'Форма входа', 'Создать форму для авторизации', 3, 1),
(2, 1, 'Валидация', 'Добавить проверку данных', 3, 1),
(3, 2, 'Навигация', 'Сделать меню ЛК', 1, 1),
(4, 3, 'Главный экран', 'Дизайн главного экрана приложения', 4, 3);

-- --------------------------------------------------------

--
-- Структура таблицы `tasks`
--

CREATE TABLE `tasks` (
  `id` int NOT NULL,
  `project_id` int NOT NULL,
  `name` varchar(100) CHARACTER SET utf8mb4 COLLATE utf8mb4_0900_ai_ci NOT NULL,
  `description` text CHARACTER SET utf8mb4 COLLATE utf8mb4_0900_ai_ci NOT NULL,
  `chapter_id` int NOT NULL
) ENGINE=InnoDB DEFAULT CHARSET=utf8mb4 COLLATE=utf8mb4_0900_ai_ci;

--
-- Дамп данных таблицы `tasks`
--

INSERT INTO `tasks` (`id`, `project_id`, `name`, `description`, `chapter_id`) VALUES
(1, 1, 'Авторизация', 'Реализовать систему входа/регистрации', 1),
(2, 1, 'ЛК студента', 'Личный кабинет с учебными материалами', 1),
(3, 2, 'Дизайн макетов', 'Создать макеты основных экранов', 3),
(4, 3, 'Тесты API', 'Написать интеграционные тесты', 2);

-- --------------------------------------------------------

--
-- Структура таблицы `task_responsible`
--

CREATE TABLE `task_responsible` (
  `id` int NOT NULL,
  `task_id` int NOT NULL,
  `user_id` int NOT NULL
) ENGINE=InnoDB DEFAULT CHARSET=utf8mb4 COLLATE=utf8mb4_0900_ai_ci;

--
-- Дамп данных таблицы `task_responsible`
--

INSERT INTO `task_responsible` (`id`, `task_id`, `user_id`) VALUES
(1, 1, 3),
(2, 2, 1),
(3, 3, 4),
(4, 4, 5);

-- --------------------------------------------------------

--
-- Структура таблицы `users`
--

CREATE TABLE `users` (
  `id` int NOT NULL,
  `email` varchar(50) CHARACTER SET utf8mb4 COLLATE utf8mb4_0900_ai_ci NOT NULL,
  `password` char(128) CHARACTER SET utf8mb4 COLLATE utf8mb4_0900_ai_ci NOT NULL,
  `salt` char(64) CHARACTER SET utf8mb4 COLLATE utf8mb4_0900_ai_ci NOT NULL,
  `lastname` varchar(50) CHARACTER SET utf8mb4 COLLATE utf8mb4_0900_ai_ci NOT NULL,
  `firstname` varchar(50) CHARACTER SET utf8mb4 COLLATE utf8mb4_0900_ai_ci NOT NULL,
  `middlename` varchar(50) CHARACTER SET utf8mb4 COLLATE utf8mb4_0900_ai_ci NOT NULL,
  `description` text CHARACTER SET utf8mb4 COLLATE utf8mb4_0900_ai_ci,
  `photo` blob,
  `lastActivity` datetime DEFAULT NULL
) ENGINE=InnoDB DEFAULT CHARSET=utf8mb4 COLLATE=utf8mb4_0900_ai_ci;

--
-- Дамп данных таблицы `users`
--

INSERT INTO `users` (`id`, `email`, `password`, `salt`, `lastname`, `firstname`, `middlename`, `description`, `photo`, `lastActivity`) VALUES
(1, 'Nikolay.Rusanov@yandex.ru', '123', '0', 'Русанов', 'Николай', 'Алексеевич', 'Крутой', 0xffd8ffe102704578696600004d4d002a00000008000801100002000000140000006e0100000400000001000005a001010004000000010000078001320002000000140000008201120003000000010001000087690004000000010000009d8825000400000001000001b3010f000200000007000000960000000073646b5f6770686f6e6536345f7838365f363400323032353a30353a31342032313a32383a333700476f6f676c65000010829d00050000000100000163829a0005000000010000016b929200020000000432383700929100020000000432383700929000020000000432383700920a0005000000010000017392090003000000010000000088270003000000010064000090040002000000140000017b90030002000000140000018fa00300040000000100000780a40300030000000100000000a002000400000001000005a09202000500000001000001a39201000a00000001000001ab90000007000000043032323000000000000000ad0000006400219b013b9aca000000111c000003e8323032353a30353a31342032313a32383a333700323032353a30353a31342032313a32383a3337000000009e000000640000227a000003e800070001000200000002000000000002000a000000030000020d0003000200000002000000000004000a000000030000022500060005000000010000023d000700050000000300000245001d00020000000b0000025d0000000000000000000000000000000000000000000000000000000000000000000000000000000000000000000000000000000000000000000000000000000000000000000000000000000000000000000000000000000000000000000000ffe000104a46494600010100000100010000ffe201d84943435f50524f46494c45000101000001c800000000043000006d6e74725247422058595a2007e00001000100000000000061637370000000000000000000000000000000000000000000000000000000010000f6d6000100000000d32d0000000000000000000000000000000000000000000000000000000000000000000000000000000000000000000000000000000964657363000000f0000000247258595a00000114000000146758595a00000128000000146258595a0000013c00000014777470740000015000000014725452430000016400000028675452430000016400000028625452430000016400000028637072740000018c0000003c6d6c756300000000000000010000000c656e5553000000080000001c007300520047004258595a200000000000006fa2000038f50000039058595a2000000000000062990000b785000018da58595a2000000000000024a000000f840000b6cf58595a20000000000000f6d6000100000000d32d706172610000000000040000000266660000f2a700000d59000013d000000a5b00000000000000006d6c756300000000000000010000000c656e5553000000200000001c0047006f006f0067006c006500200049006e0063002e00200032003000310036ffdb0043000302020302020303030304030304050805050404050a070706080c0a0c0c0b0a0b0b0d0e12100d0e110e0b0b1016101113141515150c0f171816141812141514ffdb00430103040405040509050509140d0b0d1414141414141414141414141414141414141414141414141414141414141414141414141414141414141414141414141414ffc0001108078005a003012200021101031101ffc4001d000100020301010101000000000000000000060801070905020304ffc4003f1001000001060b0605040104020300000000010203050617d204161832535571929394d1315466a4d3e31314155695116162a191084651521221254142ffc4001c0101000203010101000000000000000000000102050607030408ffc4003111010001020305060701010101010000000001023104149103155152a11112135381d1051641426162c132f021e133ffda000c03010002110311003f00e8800e68c100000000000000000000000000000000000000000000000000000000000000000000000000000000000000000000000000000000000000000000000000000000000000000000000000000000000000000000000000000000000000000000000000000000000000000000000000000000000000000000000000000000000000000000000000000000000000000000000000000000000000000000000000000000000000000000000000000000000000000000000000000000000000000000000000000000000000000000000000000000000000000000000000000000000000000000000000000000000000000000000000000000000000000000000000000000000000000000000000000000000000000000000000000000000000000000000000000000000000000000000000000000000000000000000000000000000000000000000000000000000000000000000000000000000000000000000000000000000000000000000000000000000000000000000000000000000000000000000000000000000000000000000000000000000000000000000000000000000000000000000000000000000000000000000000000000000000000000000000000000000000000000000000000000000000000000000000000000000000000000000000000000000000000000000000000000000000000000000000000000000000000000000000000000000000000000000000000000000000000000000000000000000000000000000000000000000000000000000000000000000000000000000000000000000000000000000000000000000000000000000000000000000000000000000000000000000000000000000000000000000000000000000000000000000000000000000000000000000000000000000000000000000000000000000000000000000000000000000000000000000000000000000000000000000000000000000000000000000000000000000000000000000000000000000000000000000000000000000000000000000000000000000000000000000000000000000000000000000000000000000000000000000000000000000000000000000000000000000000000000000000000000000000000000000000000000000000000000000000000000000000000000000000000000000000000000000000000000000000000000000000000000000000000000000000000000000000000000000000000000000000000000000000000000000000000000000000000000000000000000000000000000000000000000000000000000000000000000000000000000000000000000000000000000000000000000000000000000000000000000000000000000000000000000000000000000000000000000000000000000000000000000000000000000000000000000000000000000000000000000000000000000000000000000000000000000000000000000000000000000000000000000000000000000000000000000000000000000000000000000000000000000000000000000000000000000000000000000000000000000000000000000000000000000000000000000000000000000000000000000000000000000000000000000000000000000000000000000000000000000000000000000000000000000000000000000000000000000000000000000000000000000000000000000000000000000000000000000000000000000000000000000000000000000000000000000000000000000000000000000000000000000000000000000000000000000000000000000000000000000000000000000000000000000000000000000000000000000000000000000000000000000000000000000000000000000000000000000000000000000000000000000000000000000000000000000000000000000000000000000000000000000000000000000000000000000000000000000000000000000000000000000000000000000000000000000000000000000000000000000000000000000000000000000000000000000000000000000000000000000000000000000000000000000000000000000000000000000000000000000000000000000000000000000000000000000000000000000000000000000000000000000000000000000000000000000000000000000000000000000000000000000000000000000000000000000000000000000000000000000000000000000000000000000000000000000000000000000000000000000000000000000000000000000000000000000000000000000000000000000000000000000000000000000000000000000000000000000000000000000000000000000000000000000000000000000000000000000000000000000000000000000000000000000000000000000000000000000000000000000000000000000000000000000000000000000000000000000000000000000000000000000000000000000000000000000000000000000000000000000000000000000000000000000000000000000000000000000000000000000000000000000000000000000000000000000000000000000000000000000000000000000000000000000000000000000000000000000000000000000000000000000000000000000000000000000000000000000000000000000000000000000000000000000000000000000000000000000000000000000000000000000000000000000000000000000000000000000000000000000000000000000000000000000000000000000000000000000000000000000000000000000000000000000000000000000000000000000000000000000000000000000000000000000000000000000000000000000000000000000000000000000000000000000000000000000000000000000000000000000000000000000000000000000000000000000000000000000000000000000000000000000000000000000000000000000000000000000000000000000000000000000000000000000000000000000000000000000000000000000000000000000000000000000000000000000000000000000000000000000000000000000000000000000000000000000000000000000000000000000000000000000000000000000000000000000000000000000000000000000000000000000000000000000000000000000000000000000000000000000000000000000000000000000000000000000000000000000000000000000000000000000000000000000000000000000000000000000000000000000000000000000000000000000000000000000000000000000000000000000000000000000000000000000000000000000000000000000000000000000000000000000000000000000000000000000000000000000000000000000000000000000000000000000000000000000000000000000000000000000000000000000000000000000000000000000000000000000000000000000000000000000000000000000000000000000000000000000000000000000000000000000000000000000000000000000000000000000000000000000000000000000000000000000000000000000000000000000000000000000000000000000000000000000000000000000000000000000000000000000000000000000000000000000000000000000000000000000000000000000000000000000000000000000000000000000000000000000000000000000000000000000000000000000000000000000000000000000000000000000000000000000000000000000000000000000000000000000000000000000000000000000000000000000000000000000000000000000000000000000000000000000000000000000000000000000000000000000000000000000000000000000000000000000000000000000000000000000000000000000000000000000000000000000000000000000000000000000000000000000000000000000000000000000000000000000000000000000000000000000000000000000000000000000000000000000000000000000000000000000000000000000000000000000000000000000000000000000000000000000000000000000000000000000000000000000000000000000000000000000000000000000000000000000000000000000000000000000000000000000000000000000000000000000000000000000000000000000000000000000000000000000000000000000000000000000000000000000000000000000000000000000000000000000000000000000000000000000000000000000000000000000000000000000000000000000000000000000000000000000000000000000000000000000000000000000000000000000000000000000000000000000000000000000000000000000000000000000000000000000000000000000000000000000000000000000000000000000000000000000000000000000000000000000000000000000000000000000000000000000000000000000000000000000000000000000000000000000000000000000000000000000000000000000000000000000000000000000000000000000000000000000000000000000000000000000000000000000000000000000000000000000000000000000000000000000000000000000000000000000000000000000000000000000000000000000000000000000000000000000000000000000000000000000000000000000000000000000000000000000000000000000000000000000000000000000000000000000000000000000000000000000000000000000000000000000000000000000000000000000000000000000000000000000000000000000000000000000000000000000000000000000000000000000000000000000000000000000000000000000000000000000000000000000000000000000000000000000000000000000000000000000000000000000000000000000000000000000000000000000000000000000000000000000000000000000000000000000000000000000000000000000000000000000000000000000000000000000000000000000000000000000000000000000000000000000000000000000000000000000000000000000000000000000000000000000000000000000000000000000000000000000000000000000000000000000000000000000000000000000000000000000000000000000000000000000000000000000000000000000000000000000000000000000000000000000000000000000000000000000000000000000000000000000000000000000000000000000000000000000000000000000000000000000000000000000000000000000000000000000000000000000000000000000000000000000000000000000000000000000000000000000000000000000000000000000000000000000000000000000000000000000000000000000000000000000000000000000000000000000000000000000000000000000000000000000000000000000000000000000000000000000000000000000000000000000000000000000000000000000000000000000000000000000000000000000000000000000000000000000000000000000000000000000000000000000000000000000000000000000000000000000000000000000000000000000000000000000000000000000000000000000000000000000000000000000000000000000000000000000000000000000000000000000000000000000000000000000000000000000000000000000000000000000000000000000000000000000000000000000000000000000000000000000000000000000000000000000000000000000000000000000000000000000000000000000000000000000000000000000000000000000000000000000000000000000000000000000000000000000000000000000000000000000000000000000000000000000000000000000000000000000000000000000000000000000000000000000000000000000000000000000000000000000000000000000000000000000000000000000000000000000000000000000000000000000000000000000000000000000000000000000000000000000000000000000000000000000000000000000000000000000000000000000000000000000000000000000000000000000000000000000000000000000000000000000000000000000000000000000000000000000000000000000000000000000000000000000000000000000000000000000000000000000000000000000000000000000000000000000000000000000000000000000000000000000000000000000000000000000000000000000000000000000000000000000000000000000000000000000000000000000000000000000000000000000000000000000000000000000000000000000000000000000000000000000000000000000000000000000000000000000000000000000000000000000000000000000000000000000000000000000000000000000000000000000000000000000000000000000000000000000000000000000000000000000000000000000000000000000000000000000000000000000000000000000000000000000000000000000000000000000000000000000000000000000000000000000000000000000000000000000000000000000000000000000865b254dd711e5a7ae02662196c95375c47969eb85b254dd711e5a7ae02662196c95375c47969eb85b254dd711e5a7ae02662196c95375c47969eb85b254dd711e5a7ae02662196c95375c47969eb85b254dd711e5a7ae02662196c95375c47969eb85b254dd711e5a7ae3e4ce61fcc8d61e7dfa38a662196c95375c47969eb85b254dd711e5a7ae19cc3f991ac1dfa38a662196c95375c47969eb85b254dd711e5a7ae19cc3f991ac1dfa38a662196c95375c47969eb85b254dd711e5a7ae19cc3f991ac1dfa38a662196c95375c47969eb85b254dd711e5a7ae19cc3f991ac1dfa38a662196c95375c47969eb85b254dd711e5a7ae19cc3f991ac1dfa38a662196c95375c47969eb85b254dd711e5a7ae19cc3f991ac1dfa38a662196c95375c47969eb85b254dd711e5a7ae19cc3f991ac1dfa38a662196c95375c47969eb85b254dd711e5a7ae19cc3f991ac1dfa38a662196c95375c47969eb85b254dd711e5a7ae19cc3f991ac1dfa38a662196c95375c47969eb85b254dd711e5a7ae19cc3f991ac1dfa38a662196c95375c47969eb85b254dd711e5a7ae19cc3f991ac1dfa38a662196c95375c47969eb85b254dd711e5a7ae19cc3f991ac1dfa38a662196c95375c47969eb85b254dd711e5a7ae19cc3f991ac1dfa38a662196c95375c47969eb85b254dd711e5a7ae19cc3f991ac1dfa38a662196c95375c47969eb85b254dd711e5a7ae19cc3f991ac1dfa38a662196c95375c47969eb85b254dd711e5a7ae19cc3f991ac1dfa38a662196c95375c47969eb85b254dd711e5a7ae19cc3f991ac1dfa38a662196c95375c47969eb85b254dd711e5a7ae19cc3f991ac1dfa38a662196c95375c47969eb85b254dd711e5a7ae19cc3f991ac1dfa38a662196c95375c47969eb85b254dd711e5a7ae19cc3f991ac1dfa38a662196c95375c47969eb85b254dd711e5a7ae19cc3f991ac1dfa38a662196c95375c47969eb85b254dd711e5a7ae19cc3f991ac1dfa38a662196c95375c47969eb85b254dd711e5a7ae19cc3f991ac1dfa38a662196c95375c47969eb85b254dd711e5a7ae19cc3f991ac1dfa38a662196c95375c47969eb85b254dd711e5a7ae19cc3f991ac1dfa38a662196c95375c47969eb85b254dd711e5a7ae19cc3f991ac1dfa38a662196c95375c47969eb85b254dd711e5a7ae19cc3f991ac1dfa38a662196c95375c47969eb85b254dd711e5a7ae19cc3f991ac1dfa38a662196c95375c47969eb85b254dd711e5a7ae19cc3f991ac1dfa38a662196c95375c47969eb85b254dd711e5a7ae19cc3f991ac1dfa38a662196c95375c47969eb85b254dd711e5a7ae19cc3f991ac1dfa38a662196c95375c47969eb85b254dd711e5a7ae19cc3f991ac1dfa38a662196c95375c47969eb85b254dd711e5a7ae19cc3f991ac1dfa38a662196c95375c47969eb85b254dd711e5a7ae19cc3f991ac1dfa38a662196c95375c47969eb85b254dd711e5a7ae19cc3f991ac1dfa38a662196c95375c47969eb85b254dd711e5a7ae19cc3f991ac1dfa38a662196c95375c47969eb85b254dd711e5a7ae19cc3f991ac1dfa38a662196c95375c47969eb85b254dd711e5a7ae19cc3f991ac1dfa38a662196c95375c47969eb85b254dd711e5a7ae19cc3f991ac1dfa38a662196c95375c47969eb85b254dd711e5a7ae19cc3f991ac1dfa38a662196c95375c47969eb85b254dd711e5a7ae19cc3f991ac1dfa38a662196c95375c47969eb85b254dd711e5a7ae19cc3f991ac1dfa38a662196c95375c47969eb85b254dd711e5a7ae19cc3f991ac1dfa38a662196c95375c47969eb85b254dd711e5a7ae19cc3f991ac1dfa38a662196c95375c47969eb85b254dd711e5a7ae32597daf2ce8f44cc432d92a6eb88f2d3d70b64a9bae23cb4f5c32fb5e59d04cc432d92a6eb88f2d3d70b64a9bae23cb4f5c32fb5e59d04cc432d92a6eb88f2d3d70b64a9bae23cb4f5c32fb5e59d04cc432d92a6eb88f2d3d70b64a9bae23cb4f5c32fb5e59d04cc432d92a6eb88f2d3d70b64a9bae23cb4f5c32fb5e59d04cc432d92a6eb88f2d3d70b64a9bae23cb4f5c32fb5e59d04cc432d92a6eb88f2d3d70b64a9bae23cb4f5c32fb5e59d04cc432d92a6eb88f2d3d70b64a9bae23cb4f5c32fb5e59d04cc07800000000000000000000000000000000000000000000000000000000000000000000000000000000000000000002992e6a99000000000000226d28007279bcb0a0080000000000000000000000000000000000000000000000000000000000000000000000000000000000000000000000000000000000000000000000000000000016a7fd4262e00fd234ff00986722c00b0000000000000000000000b9a0344540000000000000000000000000000000000000000000000000000000000000000000000000000000000000000005325cd53200000000000044da5000e4f379614010000000000000000000000000000000000000000000000000000000000000000000000000000000000000000000000000000000000000000000000000000000002d4ffa84c5c01fa469ff0030ce45801600000000000000000000017340688a8000000000000000000000000000000000000000000000000000000000000000000000000000000000000000000a64b9aa6400000000000089b4a001c9e6f2c28020000000000000000000000000000000000000000000000000000000000000000000000000000000000000000000000000000000000000000000000000000000005a9ff5098b803f48d3fe619c8b002c0000000000000000000002e680d11500000000000000000000000000000000000000000000000000000000000000000000000000000000000000000014c97354c80000000000011369400393cde585004000000000000000000000000000000000000000000000000000000000000000000000000000000000000000000000000000000000000000000000000000000000b53fea1317007e91a7fcc3391600580000000000000000000005cd01a22a0000000000000000000000000000000000000000000000000000000000000000000000000000000000000000002992e6a99000000000000226d28007279bcb0a0080000000000000000000000000000000000000000000000000000000000000000000000000000000000000000000000000000000000000000000053c7d787c3f8fdbff00bd9d8899ec5c314f07d790fdba7ff55ef2e18a78190fdba7ff004ef2e18a78190fdba7ff004ef2e18a78c4acd8ec5a301d9313dee9ff00d4c55ffab882988ef74ff9867e2cb9c2988b0b9c29880b9c29880b9c29880b9c29880b9c29880b9c29880b9c29880ecd80d11500000000000000000000000000000000000000000000000000000000000000000000000000000000000000000014c97354c80000000000011369400393cde585004000000000000000000000000000000000000000000000000000000000000000000000000000000000000000000000000000000000000000000029e2e1a9e32d80fbbd3faa5400cbaa000000312b363b1962566c76098bbf940766a7fcc3618b002c0000000000000000000003b360344540000000000000000000000000000000000000000000000000000000000000000000000000000000000000000005325cd53200000000000044da5000e4f3796140100000000000000000000000000000000000000000000000000000000000000000000000000000000000000000000000000000000000000000000a78b86a78cb603eef4fea950032ea8000000c4acd8ec658959b1d8262efe501d9a9ff0030d862c00b0000000000000000000000ecd80d11500000000000000000000000000000000000000000000000000000000000000000000000000000000000000000014c97354c80000000000011369400393cde585004000000000000000000000000000000000000000000000000000000000000000000000000000000000000000000000000000000000000000000029e2e1a9e32d80fbbd3faa5400cbaa000000312b363b1962566c76098bbf940766a7fcc3618b002c0000000000000000000003b360344540000000000000000000000000000000000000000000000000000000000000000000000000000000000000000005325cd53200000000000044da5000e4f3796140100000000000000000000000000000000000000000000000000000000000000000000000000000000000000000000000000000000000000000000a78b86a78cb603eef4fea950032ea8000000c4acd8ec658959b1d8262efe501d9a9ff30d862c00b0000000000000000000000ecd80d1150000000000000000000000000000000000000000000000000000000000000001596d92b96b8872d33716694c8133b64ae5ae21cb4cdc2d92b96b8872d33710c0133b64ae5ae21cb4cdc2d92b96b8872d33710c0133b64ae5ae21cb4cdc2d92b96b8872d33710c0133b64ae5ae21cb4cdc2d92b96b8872d33710c13042676c95cb5c439699b85b2572d710e5a66e2183311b3a383648d96cf96133b64ae5ae21cb4cdc2d92b96b8872d33710c13e1d1c13e16cf96133b64ae5ae21cb4cdc2d92b96b8872d33710c0f0e8e0785b3e584ced92b96b8872d3370b64ae5ae21cb4cdc4303c3a381e16cf96133b64ae5ae21cb4cdc4300f0e8e0785b3e58003c3a381e16cf96000f0e8e0785b3e58003c3a381e16cf960011e1d1ca785b3e58007cbbbf09e553a42996d8f2468006efc27954e9065b63c91a001bbf09e553a4196d8f2468006efc27954e9065b63c91a001bbf09e553a4196d8f2468006efc27954e9065b63c91a001bbf09e553a4196d8f2468006efc27954e9065b63c91a001bbf09e553a4196d8f2468006efc27954e9065b63c91a001bbf09e553a4196d8f2468006efc27954e9065b63c91a001bbf09e553a4196d8f2468006efc27954e9065b63c91a001bbf09e553a4196d8f2468006efc27954e9065b63c91a001bbf09e553a4196d8f2468006efc27954e9065b63c91a001bbf09e553a4196d8f2468006efc27954e9065b63c91a001bbf09e553a4196d8f2468006efc27954e9065b63c91a001bbf09e553a4196d8f2468006efc27954e9065b63c91a001bbf09e553a4196d8f2468006efc27954e9065b63c91a001bbf09e553a4196d8f2468006efc27954e9065b63c91a001bbf09e553a4196d8f2468006efc27954e9065b63c91a001bbf09e553a4196d8f2468006efc27954e9065b63c91a001bbf09e553a4196d8f2468006efc27954e9065b63c91a001bbf09e553a4196d8f2468006efc27954e9065b63c91a001bbf09e553a4196d8f2468006efc27954e9065b63c91a001bbf09e553a4196d8f2468006efc27954e9065b63c91a0a67f1257fcc57314c568c0e1a9ff3b388f432db0e48d1f5f1257fcc4f892bfe62f916ca61f923432bb0e48d1f5f1257fcc4f892bfe62f90ca61f923432bb0e48d1f5f1257fcc4f892bfe62f90ca61f923432bb0e48d1f5f1257fcc4f892a3ff00dbe4329b0e48d0cb6c39234007dbdfab8afe0ecf96000f12be29f0767cb0007895f13c1d9f2c001e257c4f0767cb0007895f13c1d9f2c001e257c4f0767cb0007895f13c1d9f2c001e257c4f0767cb0007895f13c1d9f2c3b36035f6b20000000000000000000000000000000000000000000000000000000000000002992e6a99000000000000262e45c019c8b36a8b002400000000000000000000000000000000000000000000000000000000000000000000000000000000000000000000000000000000000000000000000000000000000000000000014c57394c40000000000000000000000000000000000000001d9b01816aa0000000000000000000000000000000000000000000000000000000000000002992e6a99000000000000262e45c019c8b36a8b002400000000000000000000000000000000000000000000000000000000000000000000000000000000000000000000000000000000000000000000000000000000000000000000014c57394c40000000000000000000000000000000000000001d9b01816aa0000000000000000000000000000000000000000000000000000000000000002992e6a99000000000000262e45c019c8b36a8b002400000000000000000000000000000000000000000000000000000000000000000000000000000000000000000000000000000000000000000000000000000000000000000000014c57394c40000000000000000000000000000000000000001d9b01816aa0000000000000000000000000000000000000000000000000000000000000002992e6a99000000000000262e45c1a7f283f0ff9cf6cca0fc3fe73db6722cdaa2cdc034fe507e1ff0039ed9941f87fce7b691b8069fca0fc3fe73db3283f0ff9cf6c1b8069fca0fc3fe73db3283f0ff9cf6c1b8069fca0fc3fe73db3283f0ff9cf6c1b8069fca0fc3fe73db3283f0ff9cf6c1b8069fca0fc3fe73db3283f0ff9cf6c1b8069fca0fc3fe73db3283f0ff9cf6c1b8069fca0fc3fe73db3283f0ff9cf6c1b8069fca0fc3fe73db3283f0ff9cf6c1b8069fca0fc3fe73db3283f0ff9cf6c1b8069fca0fc3fe73db3283f0ff9cf6c1b8069fca0fc3fe73db3283f0ff9cf6c1b8069fca0fc3fe73db3283f0ff9cf6c1b8069fca0fc3fe73db3283f0ff9cf6c1b8069fca0fc3fe73db3283f0ff9cf6c1b8069fca0fc3fe73db3283f0ff9cf6c1b8069fca0fc3fe73db3283f0ff9cf6c1b8069fca0fc3fe73db3283f0ff9cf6c1b8069fca0fc3fe73db3283f0ff9cf6c1b8069fca0fc3fe73db3283f0ff9cf6c1b8069fca0fc3fe73db3283f0ff9cf6c1b8069fca0fc3fe73db3283f0ff9cf6c1b8069fca0fc3fe73db3283f0ff9cf6c1b8069fca0fc3fe73db3283f0ff9cf6c1b8069fca0fc3fe73db3283f0ff9cf6c1b8069fca0fc3fe73db3283f0ff9cf6c1b8069fca0fc3fe73db3283f0ff9cf6c1b8069fca0fc3fe73db3283f0ff9cf6c1b8069fca0fc3fe73db3283f0ff9cf6c1b8069fca0fc3fe73db3283f0ff9cf6c1b8069fca0fc3fe73db3283f0ff9cf6c1b8069fca0fc3fe73db3283f0ff9cf6c1b8069fca0fc3fe73db3283f0ff9cf6c1b8069fca0fc3fe73db3283f0ff9cf6c1b8069fca0fc3fe73db3283f0ff9cf6c1b8069fca0fc3fe73db3283f0ff9cf6c1b8069fca0fc3fe73db3283f0ff9cf6c1b8069fca0fc3fe73db3283f0ff9cf6c1b8069fca0fc3fe73db3283f0ff9cf6c1b8069fca0fc3fe73db3283f0ff9cf6c1b8069fca0fc3fe73db3283f0ff9cf6c1b8069fca0fc3fe73db3283f0ff9cf6c1b8069fca0fc3fe73db3283f0ff9cf6c1b8069fca0fc3fe73db3283f0ff9cf6c1b8069fca0fc3fe73db3283f0ff9cf6c1b8069fca0fc3fe73db3283f0ff9cf6c1b8069fca0fc3fe73db3283f0ff9cf6c1b8069fca0fc3fe73db3283f0ff9cf6c1b814c5bbb283f0ff9cf6da63e5bf9ff0040fc07eff2dfcffa3e5bf9ff0040fc07eff2dfcffa3e5bf9ff0040fc07eff2dfcffa3e5bf9ff0040fc07eff2dfcffa3e5bf9ff0040fc07eff2dfcffa3e5bf9ff0040fc07eff2dfcffa3e5bf9ff0040fc07eff2dfcffa3e5bf9ff0040fc07eff2dfcffa3e5bf9ff0040fc07eff2dfcffa3e5bf9ff0040fc07eff2dfcffa3e5bf9ff0040fc07eff2dfcffa3e5bf9ff0040fc07eff2dfcffa3e5bf9ff0040fc07eff2dfcffa3e5bf9ff0040eca00c0b5500000000000000000000000000000000000000000000000000000000000000014c97354c800000000000131722ea7e0339166d5160048000000000000000000000000000000000000000000000000000000000000000000000000000000000000000000000000000000000000000000000000000000000000000000000000000000000000000000000000000000000000000ec680c0b5500000000000000000000000000000000000000000000000000000000000000014c97354c800000000000131722ea7e0339166d5160048000000000000000000000000000000000000000000000000000000000000000000000000000000000000000000000000000000000000000000000000000000000000000000000000000000000000000000000000000000000000000ec680c0b5500000000000000000000000000000000000000000000000000000000000000014c97354c800000000000131722ea7e0339166d5160048000000000000000000000000000000000000000000000000000000000000000000000000000000000000000000000000000000000000000000000000000000000000000000000000000000000000000000000000000000000000000ec680c0b5500000000000000000000000000000000000000000000000000000000000000014c97354c800000000000131722ea7e0339166d5160048000000000000000000000000000000000000000000000000000000000000000000000000000000000000000000000000000000000000000000000000000000000000000000000000000000000000000000000000000000000000000ec680c0b550000000000000000000000000000000000000000000000000027ff00210f8f8d221ffea07c791ff683f82567476b0d367e31b78fa4757cfe24bd0f8f23fed03e3c8ffb41e786f9dbf08ea7892f43e3c8ff00b40f8f23fed079e1be76fc23a9e24bd0f8f23fed03e3c8ff00b41e786f9dbf08ea7892f43e3c8ffb414d56e9515e757c6b114fd23abcebdb5548029bf311c23afbbcf315700037e6238475f73315700037e6238475f7331570005a3e39889988ec8ea98c455db653f01d4e9ffd886f31600592000000000000000000000000000000000000000000000000000000000000000000000000000000000000000000000000000000000000000000000000000000000000000000000000000000000000000000000000000000000000000ec680c0b550000000000000000000000000000000000000000000000000044da50f36567476b0ccace8ed61cc66ef880100000000a8ab74a8af2da7d1e3b5fa003c9e000000000b53fea131753f01dd29ff0030e871600592000000000000000000000000000000000000000000000000000000000000000000000000000000000000000000000000000000000000000000000000000000000000000000000000000000000000000000000000000000000000000ec680c0b550000000000000000000000000000000000000000000000000044da50f36567476b0ccace8ed61cc66ef880100000000a8ab74a8af2da7d1e3b5fa003c9e000000000b53fea131753f01dd29ff0030e871600592000000000000000000000000000000000000000000000000000000000000000000000000000000000000000000000000000000000000000000000000000000000000000000000000000000000000000000000000000000000000000ec680c0b550000000000000000000000000000000000000000000000000044da50f36567476b0ccace8ed61cc66ef880100000000a8ab74a8af2da7d1e3b5fa003c9e000000000b53fea131753f01dd29ff0030e871600592000000000000000000000000000000000000000000000000000000000000000000000000000000000000000000000000000000000000000000000000000000000000000000000000000000000000000000000000000000000000000ec680c0b5500000000000000000000000000000000000001e363b55cfb828be726fa83d91e363b55cfb828be726fa98ed573ee0a2f9c9bea0f6478d8ed573ee0a2f9c9bea63b55cfb828be726fa83d91e363b55cfb828be726fa98ed573ee0a2f9c9bea0f6478d8ed573ee0a2f9c9bea63b55cfb828be726faa26d287ef2b3a3b587932ab8d5fff00ca3ffced1bdbdee6fab18e357f5ed1bcdcdf5731998ed7c5db0f5c7918e357f5ed1bcdcdf531c6afebda379b9beaaf6c1db0f5c7918e357f5ed1bcdcdf531c6afebda379b9bea76c1db0f5c7918e357f5ed1bcdcdf531c6afebda379b9bea76c1db0f5d51568f1c6afebda379b9beaab8f3afe8f0da7d001e4f1000000005a9ff5098ba9f80ee94ff987438b002c900000000000000000000000000000000000000000000000000000000000000000000000000000000000000000000000000000000000000000000000000000000000000000000000000000000000000000000000000000000000000076340605aa8000000000000000000000000000000000000a64b9aa6400000000000089b4a001c9e6f2c28020000000000000000000005a9ff5098ba9f80ee94ff987438b002c900000000000000000000000000000000000000000000000000000000000000000000000000000000000000000000000000000000000000000000000000000000000000000000000000000000000000000000000000000000000000076340605aa8000000000000000000000000000000000000a64b9aa6400000000000089b4a001c9e6f2c28020000000000000000000005a9ff5098ba9f80ee94ff987438b002c900000000000000000000000000000000000000000000000000000000000000000000000000000000000000000000000000000000000000000000000000000000000000000000000000000000000000000000000000000000000000076340605aa8000000000000000000000000000000000000a64b9aa6400000000000089b4a001c9e6f2c28020000000000000000000005a9ff5098ba9f80ee94ff987438b002c900000000000000000000000000000000000000000000000000000000000000000000000000000000000000000000000000000000000000000000000000000000000000000000000000000000000000000000000000000000000000076340605aa8000000000000000000000000000000000000a64b9aa6400000000000089b4a001c9e6f2c28020000000000000000000005a9ff5098ba9f80ee94ff987438b002c900000000000000000000000000000000000000000000000000000000000000000000000000000000000000000000000000000000000000000000000000000000000000000000000000000000000000000000000000000000000000076340605aa8000000000000000000000000000000000000a64b9aa6400000000000089b4a001c9e6f2c28020000000000000000000004c4f64f6a63ff254fc7edf061fb9f061fbbaac7c6b6111d9dd9e9eeda23e2fb088b4ff00deafc47edf061fb9f061fba77d6c3967a7ba77bec384ff00deafc47edf061fb9f061fb9beb61cb3d3dcdefb0e13ff7abf11fb7c187ee7c187ee6fad872cf4f737bec384ffdeafc47edf061fb9f061fb9beb61cb3d3dcdefb0e13ff007abf11fb7c187ee7c187ee6fad872cf4f737bec384ff00deafc47edf061fb9f061fb9beb61cb3d3dcdefb0e13ff7abf11fb7c187ee7c187ee6fad872cf4f737bec384ffdeafc47edf061fbb119987e89df5b0e59e9ee6f8d8709ff00bd5f900c8c633673f463be65c272d5d3dc00ce51c11f32e1396ae9ee006728e07ccb84e5aba7b8019ca381f32e1396ae9ee006728e07ccb84e5aba7b8019ca381f32e1396ae9ee006728e07ccb84e5aba7b8019ca381f32e1396ae9ee006728e07ccb84e5aba7b8019ca381f32e1396ae9ee006728e07ccb84e5aba7b8019ca381f32e1396ae9ee006728e07ccb84e5aba7b8019ca381f32e1396ae9ee006728e07ccb84e5aba7b8019ca381f32e1396ae9ee006728e07ccb84e5aba7b8019ca381f32e1396ae9ee006728e07ccb84e5aba7b8019ca381f32e1396ae9ee006728e07ccb84e5aba7b8019ca381f32e1396ae9ee006728e07ccb84e5aba7b8019ca381f32e1396ae9ee006728e07ccb84e5aba7b8019ca381f32e1396ae9ee006728e07ccb84e5aba7b8019ca381f32e1396ae9ee006728e07ccb84e5aba7b8019ca381f32e1396ae9ee006728e07ccb84e5aba7b8019ca381f32e1396ae9ee006728e07ccb84e5aba7b8019ca381f32e1396ae9ee006728e07ccb84e5aba7b8019ca381f32e1396ae9ee006728e07ccb84e5aba7b8019ca381f32e1396ae9ee006728e07ccb84e5aba7b8019ca381f32e1396ae9ee006728e07ccb84e5aba7b8019ca381f32e1396ae9ee006728e07ccb84e5aba7b8019ca381f32e1396ae9ee006728e07ccb84e5aba7b8019ca381f32e1396ae9ee006728e07ccb84e5aba7b8019ca381f32e1396ae9ee006728e07ccb84e5aba7b8019ca381f32e1396ae9ee006728e07ccb84e5aba7b8019ca381f32e1396ae9ee006728e07ccb84e5aba7b8019ca381f32e1396ae9eeec680f81700000000000000000000000000000000000014c97354c80000000000011369400393cde5850040000000000000000000000a8e0365790000000000000000000000c47b19623d8226cfc006d91686a737004a0000000000000000000000000000000000000000000000000000000000000000000000000000000000000000000000000000000000000000000000000000000000000000000000000000000000001d8d01f43a70000000000000000000000000000000000000a64b9aa6400000000000089b4a001c9e6f2c2802000000000000000000000054701b2bc8000000000000000000000623d8cb11ec11367e0036c8b43539b80250000000000000000000000000000000000000000000000000000000000000000000000000000000000000000000000000000000000000000000000000000000000000000000000000000000000000ec680fa1d380000000000000000000000000000000000005325cd53200000000000044da5000e4f3796140100000000000000000000002a380d95e4000000000000000000000311ec6588f6089b3f001b645a1a9cdc0128000000000000000000000000000000000000000000000000000000000000000000000000000000000000000000000000000000000000000000000000000000000000000000000000000000000000763407d0e9c0000000000000000000000000000000000002992e6a99000000000000226d28007279bcb0a008000000000000000000000151c06caf2000000000000000000000188f632c47b044d9f800db22d0d4e6e00940000000000000000000000000000000000000000000000000000000000000000000000000000000000000000000000000000000000000000000000000000000000000000000000000000000000003b1a03e874e00000000000000000000000000000000000014c97354c80000000000011369400393cde5850040000000000000000000000d756154077ca47893770b0aa03be523c49bb8d8a3dfc7daf323b21aeac2a80ef948f126ee16154077ca47893771b143c7daf31d90d756154077ca47893770b0aa03be523c49bb8d8a1e3ed798ec86bab0aa03be523c49bb8585501df291e24ddc6c50f1f6bcc76435d585501df291e24ddc6b5c54c0f493dfe61d163da24f1f6bcc7643c6c54c0f493dfe61d0c54c0f493dfe61d1ec878fb5e63b21e362a607a49eff0030e862a607a49eff0030e8f643c7daf31d90f1b15303d24f7f9874315303d24f7f98747b21e3ed798ec878d8a981e927bfcc3a18a981e927bfcc3a3d9131b7da76ff00a44c4763c3c4fc0b4b3fbd0e8627e05a59fde8747b83a4c5a1a7cdde1e27e05a59fde874313f02d2cfef43a3dc12878789f816967f7a1d0c4fc0b4b3fbd0e8f70078789f816967f7a1d0c4fc0b4b3fbd0e8f70078789f816967f7a1d0c4fc0b4b3fbd0e8f70078789f816967f7a1d0c4fc0b4b3fbd0e8f70078789f816967f7a1d0c4fc0b4b3fbd0e8f70078789f816967f7a1d0c4fc0b4b3fbd0e8f70078789f816967f7a1d0c4fc0b4b3fbd0e8f70078789f816967f7a1d0c4fc0b4b3fbd0e8f70078789f816967f7a1d0c4fc0b4b3fbd0e8f70078789f816967f7a1d0c4fc0b4b3fbd0e8f70078789f816967f7a1d0c4fc0b4b3fbd0e8f70078789f816967f7a1d0c4fc0b4b3fbd0e8f70078789f816967f7a1d0c4fc0b4b3fbd0e8f70078789f816967f7a1d0c4fc0b4b3fbd0e8f70078789f816967f7a1d0c4fc0b4b3fbd0e8f70078789f816967f7a1d0c4fc0b4b3fbd0e8f70078789f816967f7a1d0c4fc0b4b3fbd0e8f70078789f816967f7a1d0c4fc0b4b3fbd0e8f70078789f816967f7a1d0c4fc0b4b3fbd0e8f70078789f816967f7a1d0c4fc0b4b3fbd0e8f70078789f816967f7a1d0c4fc0b4b3fbd0e8f70078789f816967f7a1d0c4fc0b4b3fbd0e8f70078789f816967f7a1d0c4fc0b4b3fbd0e8f70078789f816967f7a1d0c4fc0b4b3fbd0e8f70078789f816967f7a1d0c4fc0b4b3fbd0e8f70078789f816967f7a1d0c4fc0b4b3fbd0e8f70078789f816967f7a1d0c4fc0b4b3fbd0e8f70078789f816967f7a1d0c4fc0b4b3fbd0e8f70078789f816967f7a1d0c4fc0b4b3fbd0e8f70078789f816967f7a1d0c4fc0b4b3fbd0e8f70078789f816967f7a1d0c4fc0b4b3fbd0e8f70078789f816967f7a1d0c4fc0b4b3fbd0e8f70078789f816967f7a1d0c4fc0b4b3fbd0e8f70078789f816967f7a1d0c4fc0b4b3fbd0e8f70078789f816967f7a1d0c4fc0b4b3fbd0e8f70078789f816967f7a1d0c4fc0b4b3fbd0e8f70078789f816967f7a1d0c4fc0b4b3fbd0e8f70078789f816967f7a1d0c4fc0b4b3fbd0e8f70078789f816967f7a1d0c4fc0b4b3fbd0e8f70078789f816967f7a1d0c4fc0b4b3fbd0e8f70078789f816967f7a1d0c4fc0b4b3fbd0e8f70078789f816967f7a1d0c4fc0b4b3fbd0e8f70078789f816967f7a1d0c4fc0b4b3fbd0e8f70078789f816967f7a1d0c4fc0b4b3fbd0e8f70078789f816967f7a1d0c4fc0b4b3fbd0e8f70078789f816967f7a1d0c4fc0b4b3fbd0e8f70078789f816967f7a1d0c4fc0b4b3fbd0e8f70078789f816967f7a1d0c4fc0b4b3fbd0e8f70078789f816967f7a1d0c4fc0b4b3fbd0e8f70078789f816967f7a1d0c4fc0b4b3fbd0e8f70078789f816967f7a1d0c4fc0b4b3fbd0e8f70078789f816967f7a1d0c4fc0b4b3fbd0e8f700750c07d0e9c0000000000000000000000000000000000002992e6a99000000000000226d28007279bcb0a00800000000000000000000000000000000006896f66890000000000004c5e1136007508b434e9b80250000000000000000000000000000000000000000000000000000000000000000000000000000000000000000000000000000000000000000000000000000000000000000000000000000000000000ea180fa1d380000000000000000000000000000000000005325cd53200000000000044da5000e4f3796140100000000000000000000000000000000000d12decd1200000000000098bc226c00ea116869d37004a0000000000000000000000000000000000000000000000000000000000000000000000000000000000000000000000000000000000000000000000000000000000000000000000000000000000001d4301f43a70000000000000000000000000000000000000a64b9aa6400000000000089b4a001c9e6f2c280200000000000000000000000000000000001a25bd9a24000000000001317844d801d422d0d3a6e00940000000000000000000000000000000000000000000000000000000000000000000000000000000000000000000000000000000000000000000000000000000000000000000000000000000000003a8622b68f466830bdc9378b47a334185ee49bc8cd6c39e3574aefd1c52a115b47a334185ee49bc5a3d19a0c2f724de335b0e78d4efd1c52a115b47a334185ee49bc5a3d19a0c2f724de335b0e78d4efd1c52a115b47a334185ee49bc5a3d19a0c2f724de335b0e78d4efd1c52a115b47a334185ee49bc5a3d19a0c2f724de335b0e78d4efd1c52a115b47a334185ee49bc5a3d19a0c2f724de335b0e78d4efd1c52a115b47a334185ee49bc5a3d19a0c2f724de335b0e78d4efd1c52a115b47a334185ee49bc5a3d19a0c2f724de335b0e78d4efd1c52a115b47a334185ee49bc5a3d19a0c2f724de335b0e78d4efd1c52a115b47a334185ee49bc5a3d19a0c2f724de335b0e78d4efd1c52a115b47a334185ee49bc5a3d19a0c2f724de335b0e78d4efd1c52a115b47a334185ee49bc5a3d19a0c2f724de335b0e78d4efd1c52a115b47a334185ee49bc5a3d19a0c2f724de335b0e78d4efd1c52a5325a3b47a334185ee49bca396d941774a438722fa733b1e78d4efd1c5b006bfb6ca0bba521c3917cb6ca0bba521c3917cccec79e353bf4716c01afedb282ee94870e45f2db282ee94870e45f333b1e78d4efd1c5b006bfb6ca0bba521c3917cb6ca0bba521c3917cccec79e353bf4716c01afedb282ee94870e45f2db282ee94870e45f44e2363d9fea353bf4716c01afedb282ee94870e45f2db282ee94870e45f73c9c162667ff00ce74962bbb2d8035fdb6505dd290e1c8be5b6505dd290e1c8be8c8e2bcb9d24eecb600d7f6d941774a438722f96d941774a438722f991c57973a49dd96c01afedb282ee94870e45f2db282ee94870e45f3238af2e7493bb2d8035fdb6505dd290e1c8be5b6505dd290e1c8be64715e5ce927765b006bfb6ca0bba521c3917cb6ca0bba521c3917cc8e2bcb9d24eecb600d7f6d941774a438722f96d941774a438722f991c57973a49dd96c01afedb282ee94870e45f2db282ee94870e45f3238af2e7493bb2d8035fdb6505dd290e1c8be5b6505dd290e1c8be64715e5ce927765b006bfb6ca0bba521c3917cb6ca0bba521c3917cc8e2bcb9d24eecb600d7f6d941774a438722f96d941774a438722f991c57973a49dd96c01afedb282ee94870e45f2db282ee94870e45f3238af2e7493bb2d8035fdb6505dd290e1c8be5b6505dd290e1c8be64715e5ce927765b01a2536b6ca0bba521c3917d0932589f2e7493bb20064b13e5ce92776400c9627cb9d24eec80192c4f973a49dd9004c60b13dbff00e73a4a2699ec007438b34c9b80250000000000000000000002401f4e5b6fc93a3ecc8e2bca9d000cb6df92744e4715e555a00196dbf24e864715e555a00196dbf24e864715e555a00196dbf24e864715e555a00196dbf24e864715e555a00196dbf24e864715e555a00196dbf24e864715e555a00196dbf24e88c8e2bca9d001f33e300100000000000000000000094803ecc8e2bca9d1f664715e54e8009c8e2bcaab44e4715e555a00191c579556864715e555a00191c579556864715e555a00191c579556864715e555a00191c579556864715e555a00191c579556864715e555a00191c579556864715e555a0023238af2a74464715e54e800f8df180210000000000000000000002401f4e5b6fc93a3ecc8e2bca9d000cb6df92744e4715e555a00196dbf24e864715e555a00196dbf24e864715e555a00196dbf24e864715e555a00196dbf24e864715e555a00196dbf24e864715e555a00196dbf24e864715e555a00196dbf24e864715e555a2e980e6cd9400000000000000000000000000000000000073e9d0573e9edb3fa800f50000000623d8cb11ec4c5c7c80e911687da00b000000000000000000000000000000000026a8526a000000000000844d8018b68337004200000000000000000000168bc2d4de001d162d0ed54da0012b00000000000000000000226cad569007399bb8ad5790042a00000000000000000000b53785a9bc003b5536876aa6d000b2c00000000000000000000ad56956ab48038ad579715aaf200aaa00000000000000000000b45e16a6f000e8b16876aa6d00095800000000000000000000174c07e7768800000000000000000000000000000000000039f4e82b9f4f6d9fd4007a8000000311ec6588f6262e3e407488b43ed0058000000000000000000000000000000000135429350000000000004226c00c5b419b8021000000000000000000000b45e16a6f000e8b16876aa6d0009580000000000000000000113656ab48039ccddc56abc80215000000000000000000005a9bc2d4de001daa9b43b55368005960000000000000000000056ab4ab55a401c56abcb8ad57900555000000000000000000005a2f0b5378007458b43b55368004ac000000000000000000000ba603f3bb440000000000000000000000000000000000001cfa7415cfa7b6cfea003d4000000188f632c47b13171f203a445a1f6802c00000000000000000000000000000000009aa149a800000000000211360062da0cdc0108000000000000000000005a2f0b5378007458b43b55368004ac0000000000000000000089b2b55a401ce66ee2b55e4010a800000000000000000002d4de16a6f000ed54da1daa9b4002cb000000000000000000002b55a55aad200e2b55e5c56abc802aa800000000000000000002d1785a9bc003a2c5a1daa9b4002560000000000000000000005d301f9dda20000000000000000000000000000000000000e7d3a0ae7d3db67f5001ea0000000c47b19623d898b8f901d222d0fb401600000000000000000000000000000000004d50a4d4000000000001089b00316d066e0084000000000000000000002d1785a9bc003a2c5a1daa9b4002560000000000000000000044d95aad200e7337715aaf200854000000000000000000016a6f0b53780076aa6d0ed54da001658000000000000000000015aad2ad56900715aaf2e2b55e4015540000000000000000000168bc2d4de001d162d0ed54da0012b0000000000000000000002e980fceed1000000000000000000000000000000000000073e9d0573e9edb3fa800f50000000623d8cb11ec4c5c7c80e911687da00b000000000000000000000000000000000026a8526a000000000000844d8018b68337004200000007898f5567ee2a2b9c9bbcf6d489f661f611b6eded9b32184c34623bddb3d9d9d8b858f5567ee2a2b9c9bbc63d559fb8a8ae726ef29e8fb3234f3321bb68e695c2c7aab3f71515ce4dde31eaacfdc54573937794f43234f31bb68e695c2c7aab3f71515ce4dde31eaacfdc54573937794f43234f31bb68e695c2c7aab3f71515ce4dde31eaacc3fdc74573937794f5f339992b6453181a7b7fd263e1b476ff00a95bdb48aa10ff007550bf909abc5a4550fbae85fc84d5e510959d1dac36f8b3a5d3685f0b48aa1f75d0bf909abc5a4550fbae85fc84d5e50f0597c2d22a87dd742fe426af1691543eeba17f21357943c05f0b48aa1f75d0bf909abc5a4550fbae85fc84d5e50f017c2d22a87dd742fe426af1691543eeba17f21357943c05f0b48aa1f75d0bf909abc5a4550fbae85fc84d5e50f017c2d22a87dd742fe426af1691543eeba17f21357943c05f0b48aa1f75d0bf909abc5a4550fbae85fc84d5e50f017c2d22a87dd742fe426af16915423feeaa17f21357943d9939d0da4ab55a5d1101ce26ee2b55e4010a8000000fe1fafd17acb04e3c9eafee68a06e7fafd17acb04e3c9ea7d7e8bd658271e4f569801b9febf45eb2c138f27a9f5fa2f59609c793d5a6006e7fafd17acb04e3c9ea7d7e8bd658271e4f569801b9febf45eb2c138f27a9f5fa2f59609c793d5a605a9bc2d4de1b9febf45eb2c138f27a9f5fa2f59609c793d5a6076aa6d0ed54da1b9febf45eb2c138f27a9f5fa2f59609c793d5a605966e7fafd17acb04e3c9ea7d7e8bd658271e4f569801b9febf45eb2c138f27a9f5fa2f59609c793d5a6006e7fafd17acb04e3c9ea7d7e8bd658271e4f569801b9febf45eb2c138f27a9f5fa2f59609c793d5a6006e7fafd17acb04e3c9ea7d7e8bd658271e4f569801b9febf45eb2c138f27a9f5fa2f59609c793d5a6006e7fafd17acb04e3c9ea7d7e8bd658271e4f569815aad2ad5696f501c56abcb8ad579005550000001e263d559fb8a8ae726ef3db5227d987d846dbb7b66cc86130d188ef76cf676762e163d559fb8a8ae726ef18f5567ee2a2b9c9bbca7a3ecc8d3ccc86eda39a570b1eaacfdc5457393778c7aab3f71515ce4dde53d0c8d3cc6eda39a570b1eaacfdc5457393778c7aab3f71515ce4dde53d0c8d3cc6eda39a570b1eaacfdc5457393778c7aab30ff71d15ce4dde53d7cce664ad914c6069edff00498f86d1dbfea56f6d22a843fdd542fe426af1691543eeba17f213579442567476b0dbe2ce974da17c2d22a87dd742fe426af1691543eeba17f21357943c165f0b48aa1f75d0bf909abc5a4550fbae85fc84d5e50f017c2d22a87dd742fe426af1691543eeba17f21357943c05f0b48aa1f75d0bf909abc5a4550fbae85fc84d5e50f017c2d22a87dd742fe426af1691543eeba17f21357943c05f0b48aa1f75d0bf909abc5a4550fbae85fc84d5e50f017c2d22a87dd742fe426af1691543eeba17f21357943c05f0b48aa1f75d0bf909abc5a4550fbae85fc84d5e50f01de501f9dda20000000000000000000000000000000000000e7d3a0ae7d3db67f5001ea0000000c47b19623d898b8f901d222d0fb401600000000000000000000000000000000004d50a4d4000000000001089b00316d066e00840000000a44bbaa44cb603eef4feb39f0cfbfd3fa00cab380000003e6733256c8be9f339992b6453174c5d0d959d1dac332b3a3b58671b9c5a00058000000000000000000664e7436b0cc9ce86d159b4ba22039c4ddc56abc802150000001a29bd5a280000000000016a6f0b53780076aa6d0ed54da001658000000000000000000015aad2ad5696f501c56abcb8ad57900555000000148977548996c07dde9fd673e19f7fa7f401956700000007cce664ad917d3e6733256c8a62e98ba1b2b3a3b5866567476b0ce3738b4000b0000000000000000000003bca03f3bb440000000000000000000000000000000000001cfa7415cfa7b6cfea003d4000000188f632c47b13171f203a445a1f6802c00000000000000000000000000000000009aa149a800000000000211360062da0cdc0108000000148977548996c07dde9fd673e19f7fa7f401956700000007cce664ad917d3e6733256c8a62e98ba1b2b3a3b5866567476b0ce3738b4000b0000000000000000000cc9ce86d619939d0da2b369744407389bb8ad5790042a00000034537ab450000000000002d4de16a6f000ed54da1daa9b4002cb000000000000000000002b55a55aad2dea038ad579715aaf200aaa0000002912eea9132d80fbbd3face7c33eff004fe8032ace0000000f99ccc95b22fa7cce664ad914c5d317436567476b0ccace8ed619c6e71680016000000000000000000000779407e7768800000000000000000000000000000000000039f4e82b9f4f6d9fd4007a8000000311ec6588f6262e3e407488b43ed0058000000000000000000000000000000000135429350000000000004226c00c5b419b802100000002912eea9132d80fbbd3face7c33eff4fe8032ace0000000f99ccc95b22fa7cce664ad914c5d317436567476b0ccace8ed619c6e7168001600000000000000000019939d0dac33273a1b4566d2e8880e7137715aaf20085400000068a6f568a0000000000005a9bc2d4de001daa9b43b55368005960000000000000000000056ab4ab55a5bd40715aaf2e2b55e4015540000005225dd52265b01f77a7f59cf867dfe9fd006559c0000001f339992b645f4f99ccc95b2298ba62e86cace8ed619959d1dac338dce2d0002c000000000000000000000ef280fceed1000000000000000000000000000000000000073e9d0573e9edb3fa800f50000000623d8cb11ec4c5c7c80e8f131d91ffafb4013db1c4003b63880076c71000ed8e2001db1c4003b63880076c71000ed8e2002c00000000009aa149a800000000000211360062da0cdc0108000000148977548996c07dde9fd673e19f7fa7f401956700000007cce664ad917d3e6733256c8a62e98ba1b2b3a3b5866567476b0ce3738b4000b0000000000000000000cc9ce86d619939d0da2b369744407389bb8ad5790042a00000034537ab450000000000002d4de16a6f000ed54da1daa9b4002cb000000000000000000002b55a55aad2dea038ad579715aaf200aaa0000002912eea9132d80fbbd3face7c33eff004fe8032ace0000000f99ccc95b22fa7cce664ad914c5d317436567476b0ccace8ed619c6e71680016000000000000000000000779407e7768800000000000000000000000000000000000039f4e82b9f4f6d9fd4007a8000000000c7e87e8c89ed918fd0fd190ed918fd0fd190ed918fd0fd190ed918fd0fd190ed918fd0fd190ed918fd0fd190ed918fd0fd190ed918fd08c3ff004cb11ec2267b47c80e911687da00b000000026a8526a000000000000844d8018b68337004200000005225dd52265b01f77a7f59cf867dfe9fd006559c0000001f339992b645f4f99ccc95b2298ba62e86cace8ed619959d1dac338dce2d0002c00000000000000000033273a1b58664e74368acda5d1101ce26ee2b55e4010a8000000d14dead14000000000000b53785a9bc003b5536876aa6d000b2c00000000000000000000ad56956ab4b7a80e2b55e5c56abc802aa8000000a44bbaa44cb603eef4feb39f0cfbfd3fa00cab380000003e6733256c8be9f339992b6453174c5d0d959d1dac332b3a3b58671b9c5a00058000000000000000000001de501f9dda20000000000000000000000000000000000000e7d3a0ae7d3db67f5001ea0000000000000000000000000000000000c47b19623d898b8f901d222d0fb401600000004d50a4d4000000000001089b00316d066e00840000000a44bbaa44cb603eef4feb39f0cfbfd3fa00cab380000003e6733256c8be9f339992b6453174c5d0d959d1dac332b3a3b58671b9c5a00058000000000000000000664e7436b0cc9ce86d159b4ba22039c4ddc56abc802150000001a29bd5a280000000000016a6f0b53780076aa6d0ed54da001658000000000000000000015aad2ad5696f501c56abcb8ad57900555000000148977548996c07dde9fd673e19f7fa7f401956700000007cce664ad917d3e6733256c8a62e98ba1b2b3a3b5866567476b0ce3738b4000b0000000000000000000003bca03f3bb440000000000000000000000000000000000001cfa7415cfa7b6cfea003d4000000000000000000000000000000000188f632c47b13171f203a445a1f6802c00000009aa149a800000000000211360062da0cdc0108000000148977548996c07dde9fd673e19f7fa7f401956700000007cce664ad917d3e6733256c8a62e98ba1b2b3a3b5866567476b0ce3738b4000b0000000000000000000cc9ce86d619939d0da2b369744407389bb8ad5790042a00000034537ab450000000000002d4de16a6f000ed54da1daa9b4002cb000000000000000000002b55a55aad2dea038ad579715aaf200aaa0000002912eea9132d80fbbd3face7c33eff4fe8032ace0000000f99ccc95b22fa7cce664ad914c5d317436567476b0ccace8ed619c6e71680016000000000000000000000779407e7768800000000000000000000000000000000000039f4e82b9f4f6d9fd4007a8000000000000000000000000000000000311ec6588f6262e3e407488b43ed0058000000135429350000000000004226c00c5b419b802100000002912eea9132d80fbbd3face7c33eff004fe8032ace0000000f99ccc95b22fa7cce664ad914c5d317436567476b0ccace8ed619c6e7168001600000000000000000019939d0dac33273a1b4566d2e8880e7137715aaf20085400000068a6f568a0000000000005a9bc2d4de001daa9b43b55368005960000000000000000000056ab4ab55a5bd40715aaf2e2b55e4015540000005225dd52265b01f77a7f59cf867dfe9fd006559c0000001f339992b645f4f99ccc95b2298ba62e86cace8ed619959d1dac338dce2d0002c000000000000000000000ef280fceed1000000000000000000000000000000000000073e9d0569ec966a9eb1a678d35e93d28988b8ab62d264b354f58d33c69af48c966a9eb1a678d35e93d3bf02ad8b4992cd53d634cf1a6bd23259aa7ac699e34d7a477e055b1693259aa7ac699e34d7a464b354f58d33c69af48efc0ab62d264b354f58d33c69af48c966a9eb1a678d35e91df8156c5a4c966a9eb1a678d35e9192cd53d634cf1a6bd23bf02ad8b4992cd53d634cf1a6bd23259aa7ac699e34d7a477e055b1693259aa7ac699e34d7a464b354f58d33c69af48efc0ab62d264b354f58d33c69af48c966a9eb1a678d35e91df8156c5a4c966a9eb1a678d35e92ada62626c002c0000000c47b19623d898b8f901d222d0fb401600000004d50a4d4000000000001089b00316d066e00840000000a44bbaa44cb603eef4feb39f0cfbfd3fa00cab380000003e6733256c8be9f339992b6453174c5d0d959d1dac332b3a3b58671b9c5a00058000000000000000000664e7436b0cc9ce86d159b4ba22039c4ddc56abc802150000001a29bd5a280000000000016a6f0b53780076aa6d0ed54da001658000000000000000000015aad2ad5696f501c56abcb8ad57900555000000148977548996c07dde9fd673e19f7fa7f401956700000007cce664ad917d3e6733256c8a62e98ba1b2b3a3b5866567476b0ce3738b4000b0000000000000000000003bca03f3bb440000000000000000000000000000000000000000000000000000000000000001cfa7415cfa7b6cfea003d4000000188f632c47b13171f203a445a1f6802c00000009aa149a800000000000211360062da0cdc0108000000148977548996c07dde9fd673e19f7fa7f401956700000007cce664ad917d3e6733256c8a62e98ba1b2b3a3b5866567476b0ce3738b4000b0000000000000000000cc9ce86d619939d0da2b369744407389bb8ad5790042a00000034537ab450000000000002d4de16a6f000ed54da1daa9b4002cb000000000000000000002b55a55aad2dea038ad579715aaf200aaa0000002912eea9132d80fbbd3face7c33eff004fe8032ace0000000f99ccc95b22fa7cce664ad914c5d317436567476b0ccace8ed619c6e71680016000000000000000000000779407e7768800000000000000000000000000000000000000000000000000000000000000039f4e82b9f4f6d9fd4007a8000000311ec6588f6262e3e407488b43ed0058000000135429350000000000004226c00c5b419b802100000002912eea9132d80fbbd3face7c33eff4fe8032ace0000000f99ccc95b22fa7cce664ad914c5d317436567476b0ccace8ed619c6e7168001600000000000000000019939d0dac33273a1b4566d2e8880e7137715aaf20085400000068a6f568a0000000000005a9bc2d4de001daa9b43b55368005960000000000000000000056ab4ab55a5bd40715aaf2e2b55e4015540000005225dd52265b01f77a7f59cf867dfe9fd006559c0000001f339992b645f4f99ccc95b2298ba62e86cace8ed619959d1dac338dce2d0002c000000000000000000000ef280fceed1000000000000000000000000000000000000000000000000000000000000000073e9d0573e9edb3fa800f50000000623d8cb11ec4c5c7c80e911687da00b000000026a8526a000000000000844d8018b68337004200000005225dd52265b01f77a7f59cf867dfe9fd006559c0000001f339992b645f4f99ccc95b2298ba62e86cace8ed619959d1dac338dce2d0002c00000000000000000033273a1b58664e74368acda5d1101ce26ee2b55e4010a8000000d14dead14000000000000b53785a9bc003b5536876aa6d000b2c00000000000000000000ad56956ab4b7a80e2b55e5c56abc802aa8000000a44bbaa44cb603eef4feb39f0cfbfd3fa00cab380000003e6733256c8be9f339992b6453174c5d0d959d1dac332b3a3b58671b9c5a00058000000000000000000001de501f9dda20000000000000000000000000000000000000000000000000000000000000000e7d3a0ae7d3db67f5001ea0000000c47b19623d898b8f901d222d0fb401600000004d50a4d4000000000001089b00316d066e00840000000a44bbaa44cb603eef4feb39f0cfbfd3fa00cab380000003e6733256c8be9f339992b6453174c5d0d959d1dac332b3a3b58671b9c5a00058000000000000000000664e7436b0cc9ce86d159b4ba22039c4ddc56abc802150000001a29bd5a280000000000016a6f0b53780076aa6d0ed54da001658000000000000000000015aad2ad5696f501c56abcb8ad57900555000000148977548996c07dde9fd673e19f7fa7f401956700000007cce664ad917d3e6733256c8a62e98ba1b2b3a3b5866567476b0ce3738b4000b0000000000000000000003bca03f3bb44000000000000000000000000000000000000000000000000000000000000000156f259ad9ac686e34efa4b482d154d36156f259ad9ac686e34efa464b35b358d0dc69df496905bbf2855bc966b66b1a1b8d3be9192cd6cd634371a77d25a40efc8ab792cd6cd634371a77d23259ad9ac686e34efa4b481df9156f259ad9ac686e34efa464b35b358d0dc69df496903bf29559c95eb6eb1a1b8d3be9192bd6dd634371a77d25a6191de98be7e91ecf4efd4ab392bd6dd634371a77d23257adbac686e34efa4b4c277a62f9fa47b1e254ab392bd6dd634371a77d23257adbac686e34efa4b4c1bd317cfd23d8f12a559c95eb6eb1a1b8d3be9192bd6dd634371a77d25a60de98be7e91ec78952ace4af5b758d0dc69df49125d352c37a62f9fa47b1e254006f4c5f3f48f63c4a800de98be7e91ec7895001bd317cfd23d8f12a0023e298bedff007d23d9135d5d800daa2cd2a6e0020000000575c9cab2f7ea2b8b39e9ac50f7d96dabd8f6f77eafa76388af61dbdcfaabae4e5597bf515c59cf4cc9cab2f7ea2b8b39e9ac50f7ce6d5f4ef0dbfe34575c9cab2f7ea2b8b39e99939565efd4571673d358a0ce6d4de1b7fc68aeb939565efd4571673d33272acbdfa8ae2ce7a6b1419cda9bc36ff8d15d7272acbdfa8ae2ce7a6c4aff004e35965498c3e7e8affdc34b39e9ac586736a6f0dbfe3455a95fe93eb346318fd528ae24e7a6649f59b5ad15c49cf4d6947d1bcf13c6347dbbf31bcd1a2ad649f59b5ad15c49cf4cc93eb36b5a2b8939e9ad286f3c4f18d0df98ee6e8ab5927d66d6b4571273d3324facdad68ae24e7a6b4a1bcf13c63437e63b9ba2ad649f59b5ad15c49cf4cc93eb36b5a2b8939e9ad286f3c4f18d0df98ee6e8ab5927d66d6b4571273d3324facdad68ae24e7a6b4a1bcf13c63437e63b9ba2ad649f59b5ad15c49cf4cc93eb36b5a2b8939e9ad286f3c4f18d0df98ee6e8ab5927d66d6b4571273d3324facdad68ae24e7a6b4a1bcf13c63437e63b9ba2ad649f59b5ad15c49cf4cc93eb36b5a2b8939e9ad286f3c4f18d0df98ee6e8ab5927d66d6b4571273d324ffa4facd08c23f54a2b8939e9ad286f3c4f1e86fcc6f3740062981b8021000000034537ab450000000000002d4de16a6f000ed54da1daa9b4002cb000000000000000000002b55a55aad2dea038ad579715aaf200aaa0000002bae4e5597bf515c59cf4d6287becb6d5ec7b7bbf57d3b1c457b0edee7d55d7272acbdfa8ae2ce7a664e5597bf515c59cf4d6287be736afa7786dff001a2bae4e5597bf515c59cf4cc9cab2f7ea2b8b39e9ac506736a6f0dbfe34575c9cab2f7ea2b8b39e99939565efd4571673d358a0ce6d4de1b7fc68aeb939565efd4571673d36257fa71acb2a4c61f3f457fee1a59cf4d62c339b53786dff001a2ad4aff49f59a318c7ea94571273d3324facdad68ae24e7a6b4a3e8de789e31a3eddf98de68d156b24facdad68ae24e7a6649f59b5ad15c49cf4d694379e278c686fcc7737455ac93eb36b5a2b8939e99927d66d6b4571273d35a50de789e31a1bf31dcdd156b24facdad68ae24e7a6649f59b5ad15c49cf4d694379e278c686fcc7737455ac93eb36b5a2b8939e99927d66d6b4571273d35a50de789e31a1bf31dcdd156b24facdad68ae24e7a6649f59b5ad15c49cf4d694379e278c686fcc7737455ac93eb36b5a2b8939e99927d66d6b4571273d35a50de789e31a1bf31dcdd156b24facdad68ae24e7a6649f59b5ad15c49cf4d694379e278c686fcc7737455ac93eb36b5a2b8939e99927d66d6b4571273d35a50de789e31a1bf31dcdd174c072965000000000000000000000000000000000000000000000000000000000000000000000000000000000000000000052c5d352c0000000000004c5d136006fd1669d37004a000000000000000000000000000000000000000000000000000000000000068a6f568a0000000000005a9bc2d4de001daa9b43b55368005960000000000000000000056ab4ab55a5bd40715aaf2e2b55e40155400000000000000000000000000000000000000000000000174c073f6e60000000000000000000000000000000000000000000000000000000000000000000000000000000000000000002962e9a96000000000000262e89b0037e8b34e9b8025000000000000000000000000000000000000000000000000000000000000034537ab450000000000002d4de16a6f000ed54da1daa9b4002cb000000000000000000002b55a55aad2dea038ad579715aaf200aaa000000000000000000000000000000000000000000000000ba6039fb7300000000000000000000000000000000000000000000000000000000000000000000000000000000000000000014b174d4b000000000000131744d801bf459a74dc01280000000000000000000000000000000000000000000000000000000000001a29bd5a280000000000016a6f0b53780076aa6d0ed54da001658000000000000000000015aad2ad5696f501c56abcb8ad579005550000000000000000000000000000000000000000000000005d301cfdb98000000000000000000000000000000000000000000000000000000000000000000000000000000000000000000a58ba6a5800000000000098ba26c00dfa2cd3a6e00940000000000000000000000000000000000000000000000000000000000000d14dead14000000000000b53785a9bc003b5536876aa6d000b2c00000000000000000000ad56956ab4b7a80e2b55e5c56abc802aa8000000000000000000000000000000000000000000000002e980e7edcc00000000000000000000000000000000000000000000000000000000000000000000000000000000000000000052c5d352c0000000000004c5d136006fd1669d37004a000000000000000000000000000000000000000000000000000000000000068a6f568a0000000000005a9bc2d4de001daa9b43b55368005960000000000000000000056ab4ab55a5bd40715aaf2e2b55e40155400000000000000000000000000000000000000000000000174c073f6e60000000000000000000000000000000000000000000000000000000000000000000000000000000000000000002962e9a96000000000000262e89b0037e8b34e9b8025000000000000000000000000000000000000000000000000000000000000034537ab450000000000002d4de16a6f000ed54da1daa9b4002cb000000000000000000002b55a55aad2dea038ad579715aaf200aaa000000000000000000000000000000000000000000000000ba6039fb7300000000000000000000000000000000000000000000000000000000000000000000000000000000000000000014b174d4b000000000000131744d801bf459a74dc01280000000000000000000000000000000000000000000000000000000000001a29bd5a280000000000016a6f0b53780076aa6d0ed54da001658000000000000000000015aad2ad5696f501c56abcb8ad579005550000000000000000000000000000000000000000000000005d301cfdb98000000000000000000000000000000000000000000000000000000000000000000000000000000000000000000a58ba6a5800000000000098ba26c00dfa2cd3a6e00940000000000000000000000000000000000000000000000000000000000000d14dead14000000000000b53785a9bc003b5536876aa6d000b2c00000000000000000000ad56956ab4b7a80e2b55e5c56abc802aa8000000000000000000000000000000000000000000000002e980e7edcc00000000000000000000000000000000000000000000000000000000000000000000000000000000000000000052c5d373e97a69ef0990868bf87f913210d0f0ff226421a1e1fe44c843588f611b3ff00db8998850e891b0ffcbb1bbabf7e89a88509f03f28dd5fbf44d44283c0fc9babf7e89a8850781f93757efd13510a0f03f26eafdfa26a2141e07e4dd5fbf44d44283c0fc9babf7e89a8850781f93757efd13510a0f03f26eafdfa26a2141e07e4dd5fbf44d44283c0fc9babf7e89a8850781f93757efd13510a0f03f26eafdfa26a2141e07e4dd5fbf44d44283c0fc9babf7e89a8850781f93757efd13510a0f03f26eafdfa26a2141e07e4dd5fbf44d44283c0fc9babf7e89a8850781f93757efd13510a0f03f26eafdfa26a2141e07e4dd5fbf44d5a29b003c0fc9babf7e8d7e3600781f93757efd1afc6c00f03f26eafdfa35f8d801e07e4dd5fbf46bf1b004c6c3b27b7b531f0aec9edeff46bf1b006eb1f1dec8ecee756eb18fec8eceeb5f8d80277efe9d53bc3f56bf1b0037efe9d4de1fab5f8d801bf7f4ea6f0fd5afc6c00dfbfa753787ead7e36006fdfd3a9bc3f56bf1b0037efe9d4de1fab5f8d801bf7f4ea6f0fd5afc6c0113f1ded8ecee7544e3fb63b3ba9a8850d2a761db3dbdad2a7e15db3dbdfe89a88508f03f28dd5fbf44d44283c0fc9babf7e89a8850781f93757efd13510a0f03f26eafdfa26a2141e07e4dd5fbf44d44283c0fc9babf7e89a8850781f93757efd13510a0f03f26eafdfa26a2141e07e4dd5fbf44d44283c0fc9babf7e89a8850781f93757efd13510a0f03f26eafdfa26a2141e07e4dd5fbf44d44283c0fc9babf7e89a8850781f93757efd13510a0f03f26eafdfa26a2141e07e4dd5fbf47420073464c00000000000000000000000000000000000000000000000000000000000000000000000000000000000000000073e9d0573e9edb3fa800f50000000623d8cb11ec4c5c7c80e911687da00b0000000000000000000000000000000000000000000000000000000000000000000000000000000000000000000000000000000000000000000000000000000000000000000000000000000000000e8400e52f8800000000000000000000000000000000000000000000000000000000000000000000000000000000000000000073e9d0573e9edb3fa800f50000000623d8cb11ec4c5c7c80e911687da00b0000000000000000000000000000000000000000000000000000000000000000000000000000000000000000000000000000000000000000000000000000000000000000000000000000000000000e8400e52f8800000000000000000000000000000000000000000000000000000000000000000000000000000000000000000073e9d0573e9edb3fa800f50000000623d8cb11ec4c5c7c80e911687da00b0000000000000000000000000000000000000000000000000000000000000000000000000000000000000000000000000000000000000000000000000000000000000000000000000000000000000e8400e52f8800000000000000000000000000000000000000000000000000000000000000000000000000000000000000000073e9d0573e9edb3fa800f50000000623d8cb11ec4c5c7c80e911687da00b0000000000000000000000000000000000000000000000000000000000000000000000000000000000000000000000000000000000000000000000000000000000000000000000000000000000000e8400e52f8800000000000000000000000000000000000000000000000000000000000000000000000000000000000000000073e9d0573e9edb3fa800f50000000623d8cb11ec4c5c7c80e911687da00b0000000000000000000000000000000000000000000000000000000000000000000000000000000000000000000000000000000000000000000000000000000000000000000000000000000000000e8400e52f8800000000000000000000000000000000000000000000000000000000000000000000000000000000000000000073e9d0573e9edb3fa800f50000000623d8cb11ec4c5c7c80e911687da00b0000000000000000000000000000000000000000000000000000000000000000000000000000000000000000000000000000000000000000000000000000000000000000000000000000000000000e8400e52f8800000000000000000000000000000000000000000000000000000000000000000000000000000000000000000073e9d0573e9edb3fa800f50000000623d8cb11ec4c5c7c80e911687da00b0000000000000000000000000000000000000000000000000000000000000000000000000000000000000000000000000000000000000000000000000000000000000000000000000000000000000e8400e52f8800000000000000000000000000000000000000000000000000000000000000000000000000000000000000000073e9d0573e9edb3fa800f50000000623d8cb11ec4c5c7c80e911687da00b0000000000000000000000000000000000000000000000000000000000000000000000000000000000000000000000000000000000000000000000000000000000000000000000000000000000000e8400e52f8800000000000000000000000000000000000000000000000000000000000000000000000000000000000000000073e9d0573e9edb3fa800f50000000623d8cb11ec4c5c7c80e911687da00b0000000000000000000000000000000000000000000000000000000000000000000000000000000000000000000000000000000000000000000000000000000000000000000000000000000000000e8400e52f8800000000000000000000000000000000000000000000000000000000000000000000000000000000000000000073e9d0573e9edb3fa800f50000000623d8cb11ec4c5c7c80e911687da00b0000000000000000000000000000000000000000000000000000000000000000000000000000000000000000000000000000000000000000000000000000000000000000000000000000000000000e8400e52f8800000000000000000000000000000000000000000000000000000000000000000000000000000000000000000073e9d0573e9edb3fa800f50000000623d8cb11ec4c5c7c80e911687da00b0000000000000000000000000000000000000000000000000000000000000000000000000000000000000000000000000000000000000000000000000000000000000000000000000000000000000e8400e52f8800000000000000000000000000000000000000000000000000000000000000000000000000000000000000000073e9d0573e9edb3fa800f50000000623d8cb11ec4c5c7c80e911687da00b0000000000000000000000000000000000000000000000000000000000000000000000000000000000000000000000000000000000000000000000000000000000000000000000000000000000000e8400e52f8800000000000000000000000000000000000000000000000000000000000000000000000000000000000000000073e9d0573e9edb3fa800f50000000623d8cb11ec4c5c7c80e911687da00b0000000000000000000000000000000000000000000000000000000000000000000000000000000000000000000000000000000000000000000000000000000000000000000000000000000000000e8400e52f8800000000000000000000000000000000000000000000000000000000000000000000000000000000000000000073e9d0573e9edb3fa800f50000000623d8cb11ec4c5c7c80e911687da00b0000000000000000000000000000000000000000000000000000000000000000000000000000000000000000000000000000000000000000000000000000000000000000000000000000000000000e8400e52f8800000000000000000000000000000000000000000000000000000000000000000000000000000000000000000073e9d0573e9edb3fa800f50000000623d8cb11ec4c5c7c80e911687da00b0000000000000000000000000000000000000000000000000000000000000000000000000000000000000000000000000000000000000000000000000000000000000000000000000000000000000e8400e52f8800000000000000000000000000000000000000000000000000000000000000000000000000000000000000000073e9d0573e9edb3fa800f50000000623d8cb11ec4c5c7c80e911687da00b0000000000000000000000000000000000000000000000000000000000000000000000000000000000000000000000000000000000000000000000000000000000000000000000000000000000000e8400e52f8800000000000000000000000000000000000000000000000000000000000000000000000000000000000000000073e9d0573e9edb3fa800f50000000623d8cb11ec4c5c7c80e911687da00b0000000000000000000000000000000000000000000000000000000000000000000000000000000000000000000000000000000000000000000000000000000000000000000000000000000000000e8400e52f8800000000000000000000000000000000000000000000000000000000000000000000000000000000000000000073e9d0573e9edb3fa800f50000000623d8cb11ec4c5c7c80e911687da00b0000000000000000000000000000000000000000000000000000000000000000000000000000000000000000000000000000000000000000000000000000000000000000000000000000000000000ffd9, NULL);
INSERT INTO `users` (`id`, `email`, `password`, `salt`, `lastname`, `firstname`, `middlename`, `description`, `photo`, `lastActivity`) VALUES
(2, 'ivanov@example.com', 'password123', '0', 'Иванов', 'Иван', 'Иванович', 'Team lead проекта', '', '2025-05-01 00:00:00'),
(3, 'petrova@example.com', 'password123', '0', 'Петрова', 'Мария', 'Сергеевна', 'Frontend разработчик', '', '2025-05-02 00:00:00'),
(4, 'sidorov@example.com', 'password123', '0', 'Сидоров', 'Алексей', 'Дмитриевич', 'Backend разработчик', '', '2025-05-03 00:00:00'),
(5, 'smirnova@example.com', 'password123', '0', 'Смирнова', 'Елена', 'Андреевна', 'Дизайнер', '', '2025-05-04 00:00:00'),
(6, 'kozlov@example.com', 'password123', '0', 'Козлов', 'Дмитрий', 'Олегович', 'Тестировщик', '', '2025-05-05 00:00:00'),
(20, '123', '5f35b5dd177f98dd44a905f5ac2f508f146b9eef7b5f67c81157e751fb9d7e2b914dc899e9fb8434e7467803190adacd80c69bc1e80db81d4731ed148921bd97', '2ce8bfa9b207ad9ab48b307d2d6ccb73a6bf6f9ac3cccc9be3024e6c594500b3', '', '', '', NULL, NULL, NULL),
(21, 'g', '37d142fae4cb13883fa462c4d0b8ad62ba15592df8ff5a42704b8d337b49929a7b001dae19594d48c2bf3304649203842ef06d2d09c9f1baa65b12decbc4c44a', '716223eb8926bb4cc26d7e3311af29f6d73ca90aa9f448fbbebbbde498bb6ec8', 'g', 'g', 'g', NULL, NULL, '2025-05-19 16:54:23'),
(22, 'test1', '4966ea4c2afd5b05e63674c71f36cde8c7c6938d3261808a2313e32be5243645f26194408f0e7573bbbab2abfb1729cc53b2417be4097da5b549de5818ad6ac8', 'c1871fbd66228bbdf9f14f55603be0571cb25e5575b71c2e6fa3896c3bf87e3c', 'test1', 'test1', 'test1', NULL, NULL, '2025-05-20 05:04:31'),
(23, 'test2', 'a5d1055193ec9ffd39f414abf412de5a4ad93d9c2da02a27e29e2909c2a3d317672a19cfc345832b6b3c9d448ff86e484917ed1e9ac302f9a44eeabcb68fccba', 'c4a38428677f57d79bbca91d53d1a78d384ede254cec86ede68d9b8556df24a7', '', '', '', NULL, NULL, NULL);

--
-- Триггеры `users`
--
DELIMITER $$
CREATE TRIGGER `hash_password_before_insert` BEFORE INSERT ON `users` FOR EACH ROW BEGIN
    -- Проверяем, что пароль не пустой и не равен NULL
    IF NEW.password IS NOT NULL AND NEW.password != '' THEN
        -- Если соль не предоставлена, генерируем новую
        IF NEW.salt IS NULL OR NEW.salt = '' OR NEW.salt = '0' THEN
            SET NEW.salt = SHA2(UUID(), 256);
        END IF;
        
        -- Хэшируем пароль с использованием соли
        SET NEW.password = SHA2(CONCAT(NEW.password, NEW.salt), 512);
    END IF;
END
$$
DELIMITER ;

--
-- Индексы сохранённых таблиц
--

--
-- Индексы таблицы `chapters`
--
ALTER TABLE `chapters`
  ADD PRIMARY KEY (`id`);

--
-- Индексы таблицы `participants`
--
ALTER TABLE `participants`
  ADD PRIMARY KEY (`id`),
  ADD KEY `project_id` (`project_id`),
  ADD KEY `user_id` (`user_id`);

--
-- Индексы таблицы `projects`
--
ALTER TABLE `projects`
  ADD PRIMARY KEY (`id`),
  ADD KEY `creator` (`creator`);

--
-- Индексы таблицы `subtasks`
--
ALTER TABLE `subtasks`
  ADD PRIMARY KEY (`id`),
  ADD KEY `chapter` (`chapter_id`),
  ADD KEY `responsible` (`responsible`),
  ADD KEY `task_id` (`task_id`);

--
-- Индексы таблицы `tasks`
--
ALTER TABLE `tasks`
  ADD PRIMARY KEY (`id`),
  ADD KEY `chapter` (`chapter_id`),
  ADD KEY `project_id` (`project_id`);

--
-- Индексы таблицы `task_responsible`
--
ALTER TABLE `task_responsible`
  ADD PRIMARY KEY (`id`),
  ADD KEY `task` (`task_id`),
  ADD KEY `user` (`user_id`);

--
-- Индексы таблицы `users`
--
ALTER TABLE `users`
  ADD PRIMARY KEY (`id`);

--
-- AUTO_INCREMENT для сохранённых таблиц
--

--
-- AUTO_INCREMENT для таблицы `chapters`
--
ALTER TABLE `chapters`
  MODIFY `id` int NOT NULL AUTO_INCREMENT, AUTO_INCREMENT=6;

--
-- AUTO_INCREMENT для таблицы `participants`
--
ALTER TABLE `participants`
  MODIFY `id` int NOT NULL AUTO_INCREMENT, AUTO_INCREMENT=12;

--
-- AUTO_INCREMENT для таблицы `projects`
--
ALTER TABLE `projects`
  MODIFY `id` int NOT NULL AUTO_INCREMENT, AUTO_INCREMENT=12;

--
-- AUTO_INCREMENT для таблицы `subtasks`
--
ALTER TABLE `subtasks`
  MODIFY `id` int NOT NULL AUTO_INCREMENT, AUTO_INCREMENT=5;

--
-- AUTO_INCREMENT для таблицы `tasks`
--
ALTER TABLE `tasks`
  MODIFY `id` int NOT NULL AUTO_INCREMENT, AUTO_INCREMENT=5;

--
-- AUTO_INCREMENT для таблицы `task_responsible`
--
ALTER TABLE `task_responsible`
  MODIFY `id` int NOT NULL AUTO_INCREMENT, AUTO_INCREMENT=5;

--
-- AUTO_INCREMENT для таблицы `users`
--
ALTER TABLE `users`
  MODIFY `id` int NOT NULL AUTO_INCREMENT, AUTO_INCREMENT=24;

--
-- Ограничения внешнего ключа сохраненных таблиц
--

--
-- Ограничения внешнего ключа таблицы `participants`
--
ALTER TABLE `participants`
  ADD CONSTRAINT `participants_ibfk_1` FOREIGN KEY (`project_id`) REFERENCES `projects` (`id`) ON DELETE RESTRICT ON UPDATE RESTRICT,
  ADD CONSTRAINT `participants_ibfk_2` FOREIGN KEY (`user_id`) REFERENCES `users` (`id`) ON DELETE RESTRICT ON UPDATE RESTRICT;

--
-- Ограничения внешнего ключа таблицы `projects`
--
ALTER TABLE `projects`
  ADD CONSTRAINT `projects_ibfk_1` FOREIGN KEY (`creator`) REFERENCES `users` (`id`) ON DELETE RESTRICT ON UPDATE RESTRICT;

--
-- Ограничения внешнего ключа таблицы `subtasks`
--
ALTER TABLE `subtasks`
  ADD CONSTRAINT `subtasks_ibfk_1` FOREIGN KEY (`chapter_id`) REFERENCES `chapters` (`id`) ON DELETE RESTRICT ON UPDATE RESTRICT,
  ADD CONSTRAINT `subtasks_ibfk_2` FOREIGN KEY (`responsible`) REFERENCES `users` (`id`) ON DELETE RESTRICT ON UPDATE RESTRICT,
  ADD CONSTRAINT `subtasks_ibfk_3` FOREIGN KEY (`task_id`) REFERENCES `tasks` (`id`) ON DELETE RESTRICT ON UPDATE RESTRICT;

--
-- Ограничения внешнего ключа таблицы `tasks`
--
ALTER TABLE `tasks`
  ADD CONSTRAINT `tasks_ibfk_2` FOREIGN KEY (`chapter_id`) REFERENCES `chapters` (`id`) ON DELETE RESTRICT ON UPDATE RESTRICT,
  ADD CONSTRAINT `tasks_ibfk_3` FOREIGN KEY (`project_id`) REFERENCES `projects` (`id`) ON DELETE RESTRICT ON UPDATE RESTRICT;

--
-- Ограничения внешнего ключа таблицы `task_responsible`
--
ALTER TABLE `task_responsible`
  ADD CONSTRAINT `task_responsible_ibfk_1` FOREIGN KEY (`task_id`) REFERENCES `tasks` (`id`) ON DELETE RESTRICT ON UPDATE RESTRICT,
  ADD CONSTRAINT `task_responsible_ibfk_2` FOREIGN KEY (`user_id`) REFERENCES `users` (`id`) ON DELETE RESTRICT ON UPDATE RESTRICT;
COMMIT;

/*!40101 SET CHARACTER_SET_CLIENT=@OLD_CHARACTER_SET_CLIENT */;
/*!40101 SET CHARACTER_SET_RESULTS=@OLD_CHARACTER_SET_RESULTS */;
/*!40101 SET COLLATION_CONNECTION=@OLD_COLLATION_CONNECTION */;
