-- phpMyAdmin SQL Dump
-- version 5.2.0
-- https://www.phpmyadmin.net/
--
-- Хост: 127.0.0.1:3306
-- Время создания: Июн 07 2025 г., 05:05
-- Версия сервера: 8.0.30
-- Версия PHP: 7.2.34

SET SQL_MODE = "NO_AUTO_VALUE_ON_ZERO";
START TRANSACTION;
SET time_zone = "+00:00";


/*!40101 SET @OLD_CHARACTER_SET_CLIENT=@@CHARACTER_SET_CLIENT */;
/*!40101 SET @OLD_CHARACTER_SET_RESULTS=@@CHARACTER_SET_RESULTS */;
/*!40101 SET @OLD_COLLATION_CONNECTION=@@COLLATION_CONNECTION */;
/*!40101 SET NAMES utf8mb4 */;

--
-- База данных: `stuid`
--

DELIMITER $$
--
-- Процедуры
--
CREATE DEFINER=`root`@`%` PROCEDURE `VerifyUserPassword` (IN `p_email` VARCHAR(50), IN `p_password` VARCHAR(128))   BEGIN
    DECLARE user_salt CHAR(64);
    DECLARE stored_password CHAR(128);
    DECLARE user_id INT;

    SELECT salt, password, id INTO user_salt, stored_password, user_id
    FROM users
    WHERE email = p_email
    LIMIT 1;

    IF user_salt IS NULL THEN
        SELECT FALSE AS IsValid, NULL AS UserId;
    ELSE
        IF SHA2(CONCAT(p_password, user_salt), 512) = stored_password THEN
            SELECT TRUE AS IsValid, user_id AS UserId;
        ELSE
            SELECT FALSE AS IsValid, NULL AS UserId;
        END IF;
    END IF;
END$$

DELIMITER ;

-- --------------------------------------------------------

--
-- Структура таблицы `chapters_subtask`
--

CREATE TABLE `chapters_subtask` (
  `id` int NOT NULL,
  `task_id` int NOT NULL,
  `name` varchar(100) CHARACTER SET utf8mb4 COLLATE utf8mb4_0900_ai_ci NOT NULL
) ENGINE=InnoDB DEFAULT CHARSET=utf8mb4 COLLATE=utf8mb4_0900_ai_ci;

--
-- Дамп данных таблицы `chapters_subtask`
--

INSERT INTO `chapters_subtask` (`id`, `task_id`, `name`) VALUES
(4, 53, 'column1'),
(5, 53, 'column2'),
(6, 55, 'column1'),
(9, 67, 'Про'),
(10, 68, 'Нро'),
(11, 66, 'Япро'),
(12, 69, 'Пино');

-- --------------------------------------------------------

--
-- Структура таблицы `chapters_task`
--

CREATE TABLE `chapters_task` (
  `id` int NOT NULL,
  `project_id` int NOT NULL,
  `name` varchar(100) NOT NULL
) ENGINE=InnoDB DEFAULT CHARSET=utf8mb4 COLLATE=utf8mb4_0900_ai_ci;

--
-- Дамп данных таблицы `chapters_task`
--

INSERT INTO `chapters_task` (`id`, `project_id`, `name`) VALUES
(12, 25, 'column1'),
(13, 25, 'column2'),
(14, 25, 'column3'),
(19, 32, 'рол'),
(21, 32, 'Псм'),
(22, 33, 'Покно');

-- --------------------------------------------------------

--
-- Структура таблицы `participants`
--

CREATE TABLE `participants` (
  `id` int NOT NULL,
  `project_id` int NOT NULL,
  `user_id` int NOT NULL
) ENGINE=InnoDB DEFAULT CHARSET=utf8mb4 COLLATE=utf8mb4_0900_ai_ci;

--
-- Дамп данных таблицы `participants`
--

INSERT INTO `participants` (`id`, `project_id`, `user_id`) VALUES
(15, 16, 26),
(22, 20, 26),
(23, 20, 25),
(28, 25, 27),
(30, 25, 26),
(35, 33, 26);

-- --------------------------------------------------------

--
-- Структура таблицы `projects`
--

CREATE TABLE `projects` (
  `id` int NOT NULL,
  `name` varchar(100) NOT NULL,
  `description` text NOT NULL,
  `is_public` tinyint(1) NOT NULL,
  `creator` int NOT NULL
) ENGINE=InnoDB DEFAULT CHARSET=utf8mb4 COLLATE=utf8mb4_0900_ai_ci;

--
-- Дамп данных таблицы `projects`
--

INSERT INTO `projects` (`id`, `name`, `description`, `is_public`, `creator`) VALUES
(16, 'test', 'tested', 0, 27),
(20, 'T', 't', 0, 28),
(21, 'G', 'g', 1, 28),
(25, 'P', 'ppp', 0, 29),
(32, 'Енг', '', 1, 25),
(33, 'Проект', 'проект', 0, 25);

-- --------------------------------------------------------

--
-- Структура таблицы `subtasks`
--

CREATE TABLE `subtasks` (
  `id` int NOT NULL,
  `task_id` int NOT NULL,
  `name` varchar(100) CHARACTER SET utf8mb4 COLLATE utf8mb4_0900_ai_ci NOT NULL,
  `description` text CHARACTER SET utf8mb4 COLLATE utf8mb4_0900_ai_ci NOT NULL,
  `responsible` int NOT NULL,
  `creator_id` int NOT NULL,
  `chapter_id` int NOT NULL,
  `position` int NOT NULL
) ENGINE=InnoDB DEFAULT CHARSET=utf8mb4 COLLATE=utf8mb4_0900_ai_ci;

--
-- Дамп данных таблицы `subtasks`
--

INSERT INTO `subtasks` (`id`, `task_id`, `name`, `description`, `responsible`, `creator_id`, `chapter_id`, `position`) VALUES
(21, 53, 'subtask1', 'subtask1', 27, 29, 5, 0),
(31, 69, 'Кен', '', 26, 25, 12, 0),
(32, 69, 'Кен', '', 26, 25, 12, 0),
(34, 68, 'Вап', '', 26, 25, 10, 0);

-- --------------------------------------------------------

--
-- Структура таблицы `tasks`
--

CREATE TABLE `tasks` (
  `id` int NOT NULL,
  `project_id` int NOT NULL,
  `name` varchar(100) CHARACTER SET utf8mb4 COLLATE utf8mb4_0900_ai_ci NOT NULL,
  `description` text CHARACTER SET utf8mb4 COLLATE utf8mb4_0900_ai_ci NOT NULL,
  `chapter_id` int NOT NULL,
  `creator_id` int NOT NULL,
  `position` int NOT NULL
) ENGINE=InnoDB DEFAULT CHARSET=utf8mb4 COLLATE=utf8mb4_0900_ai_ci;

--
-- Дамп данных таблицы `tasks`
--

INSERT INTO `tasks` (`id`, `project_id`, `name`, `description`, `chapter_id`, `creator_id`, `position`) VALUES
(51, 25, 'task2', 'task2', 13, 29, 1),
(52, 25, 'task6', 'task7', 12, 29, 1),
(53, 25, 'task4', 'task4', 12, 29, 2),
(54, 25, 'task6', 'task6', 13, 29, 2),
(55, 25, 'ptask1', 'ptask1', 12, 26, 0),
(66, 32, 'про', '', 19, 25, 0),
(67, 32, 'Прол', '', 19, 25, 0),
(68, 32, 'Про про', 'прол', 19, 25, 0),
(69, 33, 'Кено', '', 22, 25, 0);

-- --------------------------------------------------------

--
-- Структура таблицы `task_responsible`
--

CREATE TABLE `task_responsible` (
  `id` int NOT NULL,
  `task_id` int NOT NULL,
  `user_id` int NOT NULL
) ENGINE=InnoDB DEFAULT CHARSET=utf8mb4 COLLATE=utf8mb4_0900_ai_ci;

--
-- Дамп данных таблицы `task_responsible`
--

INSERT INTO `task_responsible` (`id`, `task_id`, `user_id`) VALUES
(56, 51, 27),
(58, 53, 27),
(59, 53, 26),
(61, 54, 26),
(62, 52, 26),
(63, 52, 27),
(65, 55, 27),
(66, 55, 26),
(77, 66, 27),
(78, 66, 26),
(79, 68, 26),
(80, 69, 26);

-- --------------------------------------------------------

--
-- Структура таблицы `users`
--

CREATE TABLE `users` (
  `id` int NOT NULL,
  `email` varchar(50) CHARACTER SET utf8mb4 COLLATE utf8mb4_0900_ai_ci NOT NULL,
  `password` char(128) CHARACTER SET utf8mb4 COLLATE utf8mb4_0900_ai_ci NOT NULL,
  `salt` char(64) CHARACTER SET utf8mb4 COLLATE utf8mb4_0900_ai_ci NOT NULL,
  `lastname` varchar(50) CHARACTER SET utf8mb4 COLLATE utf8mb4_0900_ai_ci NOT NULL,
  `firstname` varchar(50) CHARACTER SET utf8mb4 COLLATE utf8mb4_0900_ai_ci NOT NULL,
  `middlename` varchar(50) CHARACTER SET utf8mb4 COLLATE utf8mb4_0900_ai_ci NOT NULL,
  `description` text CHARACTER SET utf8mb4 COLLATE utf8mb4_0900_ai_ci,
  `photo` blob,
  `last_activity` datetime DEFAULT NULL
) ENGINE=InnoDB DEFAULT CHARSET=utf8mb4 COLLATE=utf8mb4_0900_ai_ci;

--
-- Дамп данных таблицы `users`
--

INSERT INTO `users` (`id`, `email`, `password`, `salt`, `lastname`, `firstname`, `middlename`, `description`, `photo`, `last_activity`) VALUES
(25, 'nikolay.rusanov@yandex.ru', '69b594af01f07593bf6f42602b2beb894d69e2e4fa22d3376fb4acd2af22ab16f34eec21fa082ba4108ccdb3796e8e1b42ea98312362884dfdc1290e77049a72', '691b002b5cffec0962fff6b9b20def4596bde71b72618fd826e13d7e6ad5e438', 'Русанов', 'Николай', 'Алексеевич', 'крутой пацанgyu,.\'\';', NULL, '2025-06-07 00:59:22'),
(26, 'p', '136cdc5733d2e71c557db9d378dcdaad76ae1de42c7bb2877a2ec0885cb693b8d528d6aa880afe881595e757cca1bcb134cbd753b613899a436e10b80cf78bbb', 'f619018eeac6f17fed0547d63df6973a8148efe98a275a117d456374804b5631', 'Petrov', 'Petr', 'Petrovich', NULL, NULL, '2025-06-03 06:44:31'),
(27, 'i', '6d4bc3eb0d92831e9ce459fdf5f2c2b16df78c609b7687d0f1718304b2988eb1b97248adfdc657954817496ff316d85db3591aca2aa802dce46ea2ff07a238ac', 'a19d679df254cd8208fe6f2025a16773f46e76ff8b64d37dc93486f5fb9b65a2', 'Ivanov', 'Ivan', 'Ivanovich', NULL, NULL, '2025-06-03 17:19:47'),
(28, 't', 'def493f524fba11be83fb93ad4a43de58bab1f471a16f8a5a785e3587c8e1dc4f3fa1015d29e8c28877ba6e7c3c7f6b622d0d3f81f7f7a1c95fd30694b786e47', '76d14ac2e203596477bd6a06481074ebf508ef573cc9dc94dabae8381d0adbed', 'test2', 'test2', 'test2', 'tester', NULL, NULL);
INSERT INTO `users` (`id`, `email`, `password`, `salt`, `lastname`, `firstname`, `middlename`, `description`, `photo`, `last_activity`) VALUES
(29, 'o', 'cb033e78ab5f85a23856d5880ecab8808c67820a6fa5eb7284adf8022729a3abf7df334987fdeeb1d0b0a3230a3106823fcea8b558561fe0adfbfc3a81158396', '650f2761c416b42b0257d8b1fb0c8da86378457b070db2306abc43255abf28e6', 'oo', 'oo', 'oo', 'o', 0xffd8ffe102704578696600004d4d002a00000008000801100002000000140000006e0100000400000001000005a001010004000000010000078001320002000000140000008201120003000000010001000087690004000000010000009d8825000400000001000001b3010f000200000007000000960000000073646b5f6770686f6e6536345f7838365f363400323032353a30363a30332030363a33343a313800476f6f676c65000010829d00050000000100000163829a0005000000010000016b929200020000000432333200929100020000000432333200929000020000000432333200920a0005000000010000017392090003000000010000000088270003000000010064000090040002000000140000017b90030002000000140000018fa00300040000000100000780a40300030000000100000000a002000400000001000005a09202000500000001000001a39201000a00000001000001ab90000007000000043032323000000000000000ad0000006400220f593b9aca000000111c000003e8323032353a30363a30332030363a33343a313800323032353a30363a30332030363a33343a3138000000009e0000006400002267000003e800070001000200000002000000000002000a000000030000020d0003000200000002000000000004000a000000030000022500060005000000010000023d000700050000000300000245001d00020000000b0000025d0000000000000000000000000000000000000000000000000000000000000000000000000000000000000000000000000000000000000000000000000000000000000000000000000000000000000000000000000000000000000000000000ffe000104a46494600010100000100010000ffe201d84943435f50524f46494c45000101000001c800000000043000006d6e74725247422058595a2007e00001000100000000000061637370000000000000000000000000000000000000000000000000000000010000f6d6000100000000d32d0000000000000000000000000000000000000000000000000000000000000000000000000000000000000000000000000000000964657363000000f0000000247258595a00000114000000146758595a00000128000000146258595a0000013c00000014777470740000015000000014725452430000016400000028675452430000016400000028625452430000016400000028637072740000018c0000003c6d6c756300000000000000010000000c656e5553000000080000001c007300520047004258595a200000000000006fa2000038f50000039058595a2000000000000062990000b785000018da58595a2000000000000024a000000f840000b6cf58595a20000000000000f6d6000100000000d32d706172610000000000040000000266660000f2a700000d59000013d000000a5b00000000000000006d6c756300000000000000010000000c656e5553000000200000001c0047006f006f0067006c006500200049006e0063002e00200032003000310036ffdb0043000302020302020303030304030304050805050404050a070706080c0a0c0c0b0a0b0b0d0e12100d0e110e0b0b1016101113141515150c0f171816141812141514ffdb00430103040405040509050509140d0b0d1414141414141414141414141414141414141414141414141414141414141414141414141414141414141414141414141414ffc0001108078005a003012200021101031101ffc4001d000100020203010100000000000000000000060805070104090203ffc400411001000001060a09020601040203010000000103040506d1d2021516171853559293943132546671a2a4d3e356951113143362a16108122652072125424463ffc4001c0101000203010101000000000000000000000107020506030408ffc40032110100010202080405050101010000000000010231045103111314155291a1121653d132416162e105214281c1f06333ffda000c03010002110311003f00f44c056ed20000000000000000000000000000000000000000000000000000000000000000000000000000000000000000000000000000000000000000000000000000000000000000000000000000000000000000000000000000000000000000000000000000000000000000000000000000000000000000000000000000000000000000000000000000000000000000000000000000000000000000000000000000000000000000000000000000000000000000000000000000000000000000000000000000000000000000000000000000000000000000000000000000000000000000000000000000000000000000000000000000000000000000000000000000000000000000000000000000000000000000000000000000000000000000000000000000000000000000000000000000000000000000000000000000000000000000000000000000000000000000000000000000000000000000000000000000000000000000000000000000000000000000000000000000000000000000000000000000000000000000000000000000000000000000000000000000000000000000000000000000000000000000000000000000000000000000000000000000000000000000000000000000000000000000000000000000000000000000000000000000000000000000000000000000000000000000000000000000000000000000000000000000000000000000000000000000000000000000000000000000000000000000000000000000000000000000000000000000000000000000000000000000000000000000000000000000000000000000000000000000000000000000000000000000000000000000000000000000000000000000000000000000000000000000000000000000000000000000000000000000000000000000000000000000000000000000000000000000000000000000000000000000000000000000000000000000000000000000000000000000000000000000000000000000000000000000000000000000000000000000000000000000000000000000000000000000000000000000000000000000000000000000000000000000000000000000000000000000000000000000000000000000000000000000000000000000000000000000000000000000000000000000000000000000000000000000000000000000000000000000000000000000000000000000000000000000000000000000000000000000000000000000000000000000000000000000000000000000000000000000000000000000000000000000000000000000000000000000000000000000000000000000000000000000000000000000000000000000000000000000000000000000000000000000000000000000000000000000000000000000000000000000000000000000000000000000000000000000000000000000000000000000000000000000000000000000000000000000000000000000000000000000000000000000000000000000000000000000000000000000000000000000000000000000000000000000000000000000000000000000000000000000000000000000000000000000000000000000000000000000000000000000000000000000000000000000000000000000000000000000000000000000000000000000000000000000000000000000000000000000000000000000000000000000000000000000000000000000000000000000000000000000000000000000000000000000000000000000000000000000000000000000000000000000000000000000000000000000000000000000000000000000000000000000000000000000000000000000000000000000000000000000000000000000000000000000000000000000000000000000000000000000000000000000000000000000000000000000000000000000000000000000000000000000000000000000000000000000000000000000000000000000000000000000000000000000000000000000000000000000000000000000000000000000000000000000000000000000000000000000000000000000000000000000000000000000000000000000000000000000000000000000000000000000000000000000000000000000000000000000000000000000000000000000000000000000000000000000000000000000000000000000000000000000000000000000000000000000000000000000000000000000000000000000000000000000000000000000000000000000000000000000000000000000000000000000000000000000000000000000000000000000000000000000000000000000000000000000000000000000000000000000000000000000000000000000000000000000000000000000000000000000000000000000000000000000000000000000000000000000000000000000000000000000000000000000000000000000000000000000000000000000000000000000000000000000000000000000000000000000000000000000000000000000000000000000000000000000000000000000000000000000000000000000000000000000000000000000000000000000000000000000000000000000000000000000000000000000000000000000000000000000000000000000000000000000000000000000000000000000000000000000000000000000000000000000000000000000000000000000000000000000000000000000000000000000000000000000000000000000000000000000000000000000000000000000000000000000000000000000000000000000000000000000000000000000000000000000000000000000000000000000000000000000000000000000000000000000000000000000000000000000000000000000000000000000000000000000000000000000000000000000000000000000000000000000000000000000000000000000000000000000000000000000000000000000000000000000000000000000000000000000000000000000000000000000000000000000000000000000000000000000000000000000000000000000000000000000000000000000000000000000000000000000000000000000000000000000000000000000000000000000000000000000000000000000000000000000000000000000000000000000000000000000000000000000000000000000000000000000000000000000000000000000000000000000000000000000000000000000000000000000000000000000000000000000000000000000000000000000000000000000000000000000000000000000000000000000000000000000000000000000000000000000000000000000000000000000000000000000000000000000000000000000000000000000000000000000000000000000000000000000000000000000000000000000000000000000000000000000000000000000000000000000000000000000000000000000000000000000000000000000000000000000000000000000000000000000000000000000000000000000000000000000000000000000000000000000000000000000000000000000000000000000000000000000000000000000000000000000000000000000000000000000000000000000000000000000000000000000000000000000000000000000000000000000000000000000000000000000000000000000000000000000000000000000000000000000000000000000000000000000000000000000000000000000000000000000000000000000000000000000000000000000000000000000000000000000000000000000000000000000000000000000000000000000000000000000000000000000000000000000000000000000000000000000000000000000000000000000000000000000000000000000000000000000000000000000000000000000000000000000000000000000000000000000000000000000000000000000000000000000000000000000000000000000000000000000000000000000000000000000000000000000000000000000000000000000000000000000000000000000000000000000000000000000000000000000000000000000000000000000000000000000000000000000000000000000000000000000000000000000000000000000000000000000000000000000000000000000000000000000000000000000000000000000000000000000000000000000000000000000000000000000000000000000000000000000000000000000000000000000000000000000000000000000000000000000000000000000000000000000000000000000000000000000000000000000000000000000000000000000000000000000000000000000000000000000000000000000000000000000000000000000000000000000000000000000000000000000000000000000000000000000000000000000000000000000000000000000000000000000000000000000000000000000000000000000000000000000000000000000000000000000000000000000000000000000000000000000000000000000000000000000000000000000000000000000000000000000000000000000000000000000000000000000000000000000000000000000000000000000000000000000000000000000000000000000000000000000000000000000000000000000000000000000000000000000000000000000000000000000000000000000000000000000000000000000000000000000000000000000000000000000000000000000000000000000000000000000000000000000000000000000000000000000000000000000000000000000000000000000000000000000000000000000000000000000000000000000000000000000000000000000000000000000000000000000000000000000000000000000000000000000000000000000000000000000000000000000000000000000000000000000000000000000000000000000000000000000000000000000000000000000000000000000000000000000000000000000000000000000000000000000000000000000000000000000000000000000000000000000000000000000000000000000000000000000000000000000000000000000000000000000000000000000000000000000000000000000000000000000000000000000000000000000000000000000000000000000000000000000000000000000000000000000000000000000000000000000000000000000000000000000000000000000000000000000000000000000000000000000000000000000000000000000000000000000000000000000000000000000000000000000000000000000000000000000000000000000000000000000000000000000000000000000000000000000000000000000000000000000000000000000000000000000000000000000000000000000000000000000000000000000000000000000000000000000000000000000000000000000000000000000000000000000000000000000000000000000000000000000000000000000000000000000000000000000000000000000000000000000000000000000000000000000000000000000000000000000000000000000000000000000000000000000000000000000000000000000000000000000000000000000000000000000000000000000000000000000000000000000000000000000000000000000000000000000000000000000000000000000000000000000000000000000000000000000000000000000000000000000000000000000000000000000000000000000000000000000000000000000000000000000000000000000000000000000000000000000000000000000000000000000000000000000000000000000000000000000000000000000000000000000000000000000000000000000000000000000000000000000000000000000000000000000000000000000000000000000000000000000000000000000000000000000000000000000000000000000000000000000000000000000000000000000000000000000000000000000000000000000000000000000000000000000000000000000000000000000000000000000000000000000000000000000000000000000000000000000000000000000000000000000000000000000000000000000000000000000000000000000000000000000000000000000000000000000000000000000000000000000000000000000000000000000000000000000000000000000000000000000000000000000000000000000000000000000000000000000000000000000000000000000000000000000000000000000000000000000000000000000000000000000000000000000000000000000000000000000000000000000000000000000000000000000000000000000000000000000000000000000000000000000000000000000000000000000000000000000000000000000000000000000000000000000000000000000000000000000000000000000000000000000000000000000000000000000000000000000000000000000000000000000000000000000000000000000000000000000000000000000000000000000000000000000000000000000000000000000000000000000000000000000000000000000000000000000000000000000000000000000000000000000000085e792a6ed88f2d2d7013410bcf254ddb11e5a5ae19e4a9bb623cb4b5c04d042f3c95376c479696b86792a6ed88f2d2d7013410bcf254ddb11e5a5ae19e4a9bb623cb4b5c04d042f3c95376c479696b86792a6ed88f2d2d7013410bcf254ddb11e5a5ae19e4a9bb623cb4b5c7c7be61bd4a7ac3cf694669a085e792a6ed88f2d2d70cf254ddb11e5a5ae1be61bd4a7ac1b4a334d042f3c95376c479696b86792a6ed88f2d2d70df30dea53d60da519a682179e4a9bb623cb4b5c33c95376c479696b86f986f529eb06d28cd3410bcf254ddb11e5a5ae19e4a9bb623cb4b5c37cc37a94f583694669a085e792a6ed88f2d2d70cf254ddb11e5a5ae1be61bd4a7ac1b4a334d042f3c95376c479696b86792a6ed88f2d2d70df30dea53d60da519a682179e4a9bb623cb4b5c33c95376c479696b86f986f529eb06d28cd3410bcf254ddb11e5a5ae19e4a9bb623cb4b5c37cc37a94f583694669a085e792a6ed88f2d2d70cf254ddb11e5a5ae1be61bd4a7ac1b4a334d042f3c95376c479696b86792a6ed88f2d2d70df30dea53d60da519a682179e4a9bb623cb4b5c33c95376c479696b86f986f529eb06d28cd3410bcf254ddb11e5a5ae19e4a9bb623cb4b5c37cc37a94f583694669a085e792a6ed88f2d2d70cf254ddb11e5a5ae1be61bd4a7ac1b4a334d042f3c95376c479696b86792a6ed88f2d2d70df30dea53d60da519a682179e4a9bb623cb4b5c33c95376c479696b86f986f529eb06d28cd3410bcf254ddb11e5a5ae19e4a9bb623cb4b5c37cc37a94f583694669a085e792a6ed88f2d2d70cf254ddb11e5a5ae1be61bd4a7ac1b4a334d042f3c95376c479696b86792a6ed88f2d2d70df30dea53d60da519a682179e4a9bb623cb4b5c33c95376c479696b86f986f529eb06d28cd3410bcf254ddb11e5a5ae19e4a9bb623cb4b5c37cc37a94f583694669a085e792a6ed88f2d2d70cf254ddb11e5a5ae1be61bd4a7ac1b4a334d042f3c95376c479696b86792a6ed88f2d2d70df30dea53d60da519a682179e4a9bb623cb4b5c33c95376c479696b86f986f529eb06d28cd3410bcf254ddb11e5a5ae19e4a9bb623cb4b5c37cc37a94f583694669a085e792a6ed88f2d2d70cf254ddb11e5a5ae1be61bd4a7ac1b4a334d042f3c95376c479696b86792a6ed88f2d2d70df30dea53d60da519a682179e4a9bb623cb4b5c33c95376c479696b86f986f529eb06d28cd3410bcf254ddb11e5a5ae19e4a9bb623cb4b5c37cc37a94f583694669a085e792a6ed88f2d2d70cf254ddb11e5a5ae1be61bd4a7ac1b4a334d042f3c95376c479696b86792a6ed88f2d2d70df30dea53d60da519a682179e4a9bb623cb4b5c33c95376c479696b86f986f529eb06d28cd3410bcf254ddb11e5a5ae19e4a9bb623cb4b5c37cc37a94f583694669a085e792a6ed88f2d2d70cf254ddb11e5a5ae1be61bd4a7ac1b4a334d042f3c95376c479696b86792a6ed88f2d2d70df30dea53d60da519a682179e4a9bb623cb4b5c33c95376c479696b86f986f529eb06d28cd3410bcf254ddb11e5a5ae19e4a9bb623cb4b5c37cc37a94f583694669a085e792a6ed88f2d2d70cf254ddb11e5a5ae1be61bd4a7ac1b4a334d042f3c95376c479696b86792a6ed88f2d2d70df30dea53d60da519a682179e4a9bb623cb4b5c33c95376c479696b86f986f529eb06d28cd3410bcf254ddb11e5a5ae19e4a9bb623cb4b5c37cc37a94f583694669a085e792a6ed88f2d2d70cf254ddb11e5a5ae1be61bd4a7ac1b4a334d042f3c95376c479696b86792a6ed88f2d2d70df30dea53d60da519a682179e4a9bb623cb4b5c33c95376c479696b86f986f529eb06d28cd3410bcf254ddb11e5a5ae19e4a9bb623cb4b5c37cc37a94f583694669a085e792a6ed88f2d2d70cf254ddb11e5a5ae367bbe97967a3d35a682179e4a9bb623cb4b5c33c95376c479696b86efa5e59e86b4d042f3c95376c479696b86792a6ed88f2d2d70ddf4bcb3d0d69a085e792a6ed88f2d2d70cf254ddb11e5a5ae1bbe97967a1ad3410bcf254ddb11e5a5ae19e4a9bb623cb4b5c377d2f2cf435a682179e4a9bb623cb4b5c33c95376c479696b86efa5e59e86b4d042f3c95376c479696b86792a6ed88f2d2d70ddf4bcb3d0d69a085e792a6ed88f2d2d70cf254ddb11e5a5ae1bbe97967a1ad3410bcf254ddb11e5a5ae19e4a9bb623cb4b5c377d2f2cf435a6803c000000000000000000000000000000000000000000000000000000000000000000000000000000000000000000014c57394c40000000000011369001524de5a2004000000000000000000000000000000000000000000000000000000000000000000000000000000000000000000000000000000000000000000000000000000000ca9f8a0007e93a7e186e8019a40000000000000000000017380708c80000000000000000000000000000000000000000000000000000000000000000000000000000000000000000005315ce53100000000000044da4005493796880100000000000000000000000000000000000000000000000000000000000000000000000000000000000000000000000000000000000000000000000000000000032a7e28001fa4e9f861ba006690000000000000000000005ce01c23200000000000000000000000000000000000000000000000000000000000000000000000000000000000000000014c57394c40000000000011369001524de5a2004000000000000000000000000000000000000000000000000000000000000000000000000000000000000000000000000000000000000000000000000000000000ca9f8a0007e93a7e186e8019a40000000000000000000017380708c80000000000000000000000000000000000000000000000000000000000000000000000000000000000000000005315ce53100000000000044da4005493796880100000000000000000000000000000000000000000000000000000000000000000000000000000000000000000000000000000000000000000000000000000000032a7e28001fa4e9f861ba006690000000000000000000005ce01c23200000000000000000000000000000000000000000000000000000000000000000000000000000000000000000014c57394c40000000000011369001524de5a2004000000000000000000000000000000000000000000000000000000000000000000000000000000000000000000000000000000000000000000000000000000000ca9f8a0052f1fa4e9f861ba5d014bc6695d014bc05d014bc05d014bc05d014bc05d014bc05d014bc05d014bc07b3c038464000000000000000000000000000000000000000000000000000000000000000000000000000000000000000000298ae7298800000000000226d2002a49bcb44008000000000000000000000000000000000000000000000000000000000000000000000000000000000000000000000000000000000000000000000000000000001953f140a5e03f49d3f0c37400cd2000000000000000000000f6780708c80000000000000000000000000000000000000000000000000000000000000000000000000000000000000000005315ce53100000000000044da4005493796880100000000000000000000000000000000000000000000000000000000000000000000000000000000000000000000000000000000000000000000000000000000032a7e2814bc07e93a7e186e8019a4000000000000000000001ecf00e1190000000000000000000000000000000000000000000000000000000000000000000000000000000000000000000a62b9ca6200000000000089b4800a926f2d1002000000000000000000000000000000000000000000000000000000000000000000000000000000000000000000000000000000000000000000000000000000000654fc5029780fd274fc30dd003348000000000000000000003d9e01c23200000000000000000000000000000000000000000000000000000000000000000000000000000000000000000014c57394c40000000000011369001524de5a2004000000000000000000000000000000000000000000000000000000000000000000000000000000000000000000000000000000000000000000000000000000000ca9f8a052f01fa4e9f861ba006690000000000000000000007b3c0384640000000000000000000000000000000000000000000000000000000000000002b2e792b96d8872d23716694c4134cf2572db10e5a46e19e4ae5b621cb48dc42c04d33c95cb6c439691b86792b96d8872d23710b0134cf2572db10e5a46e19e4ae5b621cb48dc42c04d33c95cb6c439691b86792b96d8872d23710b04c2699e4ae5b621cb48dc33c95cb6c439691b8858dbf828c9d1468747cb09a6792b96d8872d2370cf2572db10e5a46e2161e0a324ec747cb09a6792b96d8872d2370cf2572db10e5a46e2161e0a32363a3e584d33c95cb6c439691b86792b96d8872d23710b0f05191b1d1f2c2699e4ae5b621cb48dc42c0f05191b1d1f2c001e0a32363a3e58003c14646c747cb0007828c8d8e8f96000f05191b1d1f2c003e4e1f84f4a9e90f3ddb43c91d000e1f84f4a9e906eda1e48e80070fc27a54f48376d0f247400387e13d2a7a41bb687923a001c3f09e953d20ddb43c91d000e1f84f4a9e906eda1e48e80070fc27a54f48376d0f247400387e13d2a7a41bb687923a001c3f09e953d20ddb43c91d000e1f84f4a9e906eda1e48e80070fc27a54f48376d0f247400387e13d2a7a41bb687923a001c3f09e953d20ddb43c91d000e1f84f4a9e906eda1e48e80070fc27a54f48376d0f247400387e13d2a7a41bb687923a001c3f09e953d20ddb43c91d000e1f84f4a9e906eda1e48e80070fc27a54f48376d0f247400387e13d2a7a41bb687923a001c3f09e953d20ddb43c91d000e1f84f4a9e906eda1e48e80070fc27a54f48376d0f247400387e13d2a7a41bb687923a001c3f09e953d20ddb43c91d000e1f84f4a9e906eda1e48e80070fc27a54f48376d0f247400387e13d2a7a41bb687923a001c3f09e953d20ddb43c91d000e1f84f4a9e906eda1e48e80070fc27a54f48376d0f247400387e13d2a7a41bb687923a001c3f09e953d20ddb43c91d000e1f84f4a9e906eda1e48e80070fc27a54f48376d0f247400387e13d2a7a41bb687923a001c3f09e953d20ddb43c91d000e1f84f4a9e906eda1e48e80070fc27a54f48376d0f247400387e13d2a7a41bb687923a001c3f09e953d20ddb43c91d000e1f84f4a9e906eda1e48e80070fc27a54f48376d0f247400387e13d2a7a41bb687923a001b8613d2a7a1bb687923a29780d9ed2bcd9ecb47cb0006d2bccd968f96000da5799b2d1f2c001b4af3365a3e58003695e66cb47cb0006d2bccd968f96000da5799b2d1f2c001b4af3365a3e58003695e66cb47cb0f6780681ce0000000000000000000000000000000000000000000000000000000000000000a62b9ca62000000000000262e00dd3a78b002400000000000000000000000000000000000000000000000000000000000000000000000000000000000000000000000000000000000000000000000000000000000000000000000000000000000052f000000000000000000000000001ecf00d239700000000000000000000000000000000000000000000000000000000000000014c57394c40000000000004c5c01ba74f160048000000000000000000000000000000000000000000000000000000000000000000000000000000000000000000000000000000000000000000000000000000000000000000000000000000000000a5e000000000000000000000000003d9e01a472e000000000000000000000000000000000000000000000000000000000000000298ae7298800000000000098b80374e9e2c00900000000000000000000000000000000000000000000000000000000000000000000000000000000000000000000000000000000000000000000000000000000000000000000000000000000000014bc000000000000000000000000007b3c0348e5c0000000000000000000000000000000000000000000000000000000000000005315ce5310000000000001317069ed217bbfeb3e33485eeff00acf8dba74f166e11a7b485eeff00acf8cd217bbfeb3e348dc234f690bddff59f19a42f77fd67c60dc234f690bddff59f19a42f77fd67c60dc234f690bddff59f19a42f77fd67c60dc234f690bddff59f19a42f77fd67c60dc234f690bddff59f19a42f77fd67c60dc234f690bddff59f19a42f77fd67c60dc234f690bddff59f19a42f77fd67c60dc234f690bddff59f19a42f77fd67c60dc234f690bddff59f19a42f77fd67c60dc234f690bddff59f19a42f77fd67c60dc234f690bddff59f19a42f77fd67c60dc234f690bddff59f19a42f77fd67c60dc234f690bddff59f19a42f77fd67c60dc234f690bddff59f19a42f77fd67c60dc234f690bddff59f19a42f77fd67c60dc234f690bddff59f19a42f77fd67c60dc234f690bddff59f19a42f77fd67c60dc234f690bddff59f19a42f77fd67c60dc234f690bddff59f19a42f77fd67c60dc234f690bddff59f19a42f77fd67c60dc234f690bddff59f19a42f77fd67c60dc234f690bddff59f19a42f77fd67c60dc234f690bddff59f19a42f77fd67c60dc234f690bddff59f19a42f77fd67c60dc234f690bddff59f19a42f77fd67c60dc234f690bddff59f19a42f77fd67c60dc234f690bddff59f19a42f77fd67c60dc234f690bddff59f19a42f77fd67c60dc234f690bddff59f19a42f77fd67c60dc234f690bddff59f19a42f77fd67c60dc234f690bddff59f19a42f77fd67c60dc234f690bddff59f19a42f77fd67c60dc234f690bddff59f19a42f77fd67c60dc234f690bddff59f19a42f77fd67c60dc234f690bddff59f19a42f77fd67c60dc234f690bddff59f19a42f77fd67c60dc234f690bddff59f19a42f77fd67c60dc234f690bddff59f19a42f77fd67c60dc234f690bddff59f19a42f77fd67c60dc234f690bddff59f19a42f77fd67c60dc234f690bddff59f19a42f77fd67c60dc234f690bddff59f19a42f77fd67c60dc234f690bddff59f19a42f77fd67c60dc234f690bddff59f19a42f77fd67c60dc234f690bddff59f19a42f77fd67c60dc234f690bddff59f19a42f77fd67c60dc234f690bddff59f19a42f77fd67c60dc234f690bddff59f19a42f77fd67c60dc234f690bddff59f19a42f77fd67c60dc234f690bddff59f19a42f77fd67c60dc234f690bddff59f19a42f77fd67c60dc234f690bddff59f19a42f77fd67c60d203f7fd37f3fe8fd37f3fe81f80fdff4dfcffa3f4dfcff00a07e03f7fd37f3fe8fd37f3fe81f80fdff004dfcff00a3f4dfcffa07e03f7fd37f3fe8fd37f3fe81f80fdff4dfcffa3f4dfcff00a07e03f7fd37f3fe8fd37f3fe81f80fdff004dfcff00a3f4dfcffa07e03f7fd37f3fe8fd37f3fe81ecb80d239700000000000000000000000000000000000000000000000000000000000000014c57394c40000000000004c5d4f406e9d3c580120000000000000000000000000000000000000000000000000000000000000000000000000000000000000000000000000000000000000000000000000000000000000000000000000000000000000000000000000000000000000003d9001a472e000000000000000000000000000000000000000000000000000000000000000298ae7298800000000000098ba9e80dd3a78b00240000000000000000000000000000000000000000000000000000000000000000000000000000000000000000000000000000000000000000000000000000000000000000000000000000000000000000000000000000000000000007b200348e5c0000000000000000000000000000000000000000000000000000000000000005315ce531000000000000131753d01ba74f160048000000000000000000000000000000000000000000000000000000000000000000000000000000000000000000000000000000000000000000000000000000000000000000000000000000000000000000000000000000000000000f6400691cb8000000000000000000000000000000000000000000000000000000000000000a62b9ca62000000000000262ea7a0374e9e2c0090000000000000000000000000000000000000000000000000000000000000000000000000000000000000000000000000000000000000000000000000000000000000000000000000000000000000000000000000000000000000001ec800d23970000000000000000000000000000000000000000000000000044fed03f3fcf9387ff681f9f27ff683a385d68f8b87193face9f5da3bbe6da54eff00e7c9ff00da07e7c9ff00da0e8071ac4651dcda54effe7c9ffda07e7c9ffda0e8071ac4651dcda54eff00e7c9ff00da07e7c9ff00da0e8071ac4651dcda54effe7c9ffda0a6ab76a88f3abf5bc453f28eef2af4f55200c38ee2328eef3de6b0038ee2328ee6f35801c77119477379ac01947eb9889988d51dd3189af5a9e80b4a275c44bb88b003248000000000000000000000000000000000000000000000000000000000000000000000000000000000000000000000000000000000000000000000000000000000000000000000000000000000000000000000000000000000000003d9001a472e0000000000000000000000000000000000000000000000000089b48c6e175a3e2e1ce175a3e2e1574ddaf00400000002a22ddaa23cb49f278e97e400f2780000000032a7e284c5d4f405e94fc30b0e2c00c92000000000000000000000000000000000000000000000000000000000000000000000000000000000000000000000000000000000000000000000000000000000000000000000000000000000000000000000000000000000000000f6400691cb80000000000000000000000000000000000000000000000000226d231b85d68f8b87385d68f8b855d376bc0100000000a88b76a88f2d27c9e3a5f9003c9e000000000ca9f8a131753d017a53f0c2c38b003248000000000000000000000000000000000000000000000000000000000000000000000000000000000000000000000000000000000000000000000000000000000000000000000000000000000000000000000000000000000000003d9001a472e0000000000000000000000000000000000000000000000000089b48c6e175a3e2e1ce175a3e2e1574ddaf00400000002a22ddaa23cb49f278e97e400f2780000000032a7e284c5d4f405e94fc30b0e2c00c92000000000000000000000000000000000000000000000000000000000000000000000000000000000000000000000000000000000000000000000000000000000000000000000000000000000000000000000000000000000000000f6400691cb80000000000000000000000000000000000000c2e5b55cfa828be724ed06686172daae7d4145f39276996d573ea0a2f9c93b419a185cb6ab9f50517ce49da65b55cfa828be724ed06686172daae7d4145f39276996d573ea0a2f9c93b419a185cb6ab9f50517ce49da65b55cfa828be724ed44da47630bad1f170c461572a03fdd1ff00e728de9ed7276b8cb1a036e51bcdc9daaba6ed7eb866061f2c680db946f372769963406dca379b93b51acd70cc0c3e58d01b728de6e4ed32c680db946f372769acd70cc0c3e58d01b728de6e4ed32c680db946f372769acd70cc2a22d1e58d01b728de6e4ed55c7957f278693e400f2788000000032a7e284c5d4f405e94fc30b0e2c00c92000000000000000000000000000000000000000000000000000000000000000000000000000000000000000000000000000000000000000000000000000000000000000000000000000000000000000000000000000000000000000f6400691cb8000000000000000000000000000000000000a62b9ca6200000000000089b4800a926f2d1002000000000000000000000654fc5098ba9e80bd29f86161c5801924000000000000000000000000000000000000000000000000000000000000000000000000000000000000000000000000000000000000000000000000000000000000000000000000000000000000000000000000000000000000001ec800d239700000000000000000000000000000000000014c57394c40000000000011369001524de5a2004000000000000000000000ca9f8a131753d017a53f0c2c38b003248000000000000000000000000000000000000000000000000000000000000000000000000000000000000000000000000000000000000000000000000000000000000000000000000000000000000000000000000000000000000003d9001a472e000000000000000000000000000000000000298ae7298800000000000226d2002a49bcb44008000000000000000000001953f14262ea7a02f4a7e1858716006490000000000000000000000000000000000000000000000000000000000000000000000000000000000000000000000000000000000000000000000000000000000000000000000000000000000000000000000000000000000000007b200348e5c0000000000000000000000000000000000005315ce53100000000000044da4005493796880100000000000000000000032a7e284c5d4f405e94fc30b0e2c00c92000000000000000000000000000000000000000000000000000000000000000000000000000000000000000000000000000000000000000000000000000000000000000000000000000000000000000000000000000000000000000f6400691cb8000000000000000000000000000000000000a62b9ca6200000000000089b4800a926f2d10020000000000000000000004c4ea9d698fda54f47edf930ff27e4c3fcad58fd6b4111abc33dbddd447eafa088b4ffdfdbf11fb7e4c3fc9f930ff0029e35a0e59edee9e2fa0ca7fefedf88fdbf261fe4fc987f938d683967b7b9c5f4194ff00dfdbf11fb7e4c3fc9f930ff271ad072cf6f738be8329ff00bfb7e23f6fc987f93f261fe4e35a0e59edee717d0653ff007f6fc47edf930ff27e4c3fc9c6b41cb3dbdce2fa0ca7fefedf88fdbf261fe4fc987f938d683967b7b9c5f4194ffdfdbf11fb7e4c3fc9f930ff00271ad072cf6f738be8329ffbfb7e23f6fc987f97119187e09e35a0e59edee718d0653ff7f6fc806c6319a39f9359e66c272d5dbdc00df28c8f3361396aedee006f9464799b09cb576f70037ca323ccd84e5abb7b801be5191e66c272d5dbdc00df28c8f3361396aedee006f9464799b09cb576f70037ca323ccd84e5abb7b801be5191e66c272d5dbdc00df28c8f3361396aedee006f9464799b09cb576f70037ca323ccd84e5abb7b801be5191e66c272d5dbdc00df28c8f3361396aedee006f9464799b09cb576f70037ca323ccd84e5abb7b801be5191e66c272d5dbdc00df28c8f3361396aedee006f9464799b09cb576f70037ca323ccd84e5abb7b801be5191e66c272d5dbdc00df28c8f3361396aedee006f9464799b09cb576f70037ca323ccd84e5abb7b801be5191e66c272d5dbdc00df28c8f3361396aedee006f9464799b09cb576f70037ca323ccd84e5abb7b801be5191e66c272d5dbdc00df28c8f3361396aedee006f9464799b09cb576f70037ca323ccd84e5abb7b801be5191e66c272d5dbdc00df28c8f3361396aedee006f9464799b09cb576f70037ca323ccd84e5abb7b801be5191e66c272d5dbdc00df28c8f3361396aedee006f9464799b09cb576f70037ca323ccd84e5abb7b801be5191e66c272d5dbdc00df28c8f3361396aedee006f9464799b09cb576f70037ca323ccd84e5abb7b801be5191e66c272d5dbdc00df28c8f3361396aedee006f9464799b09cb576f70037ca323ccd84e5abb7b801be5191e66c272d5dbdc00df28c8f3361396aedee006f9464799b09cb576f70037ca323ccd84e5abb7b801be5191e66c272d5dbdc00df28c8f3361396aedeef64007c6f600000000000000000000000000000000000014c57394c40000000000011369001524de5a20040000000000000000000000a8a03a5790000000000000000000000e23d0e5c47a044d9f800eb22d0e426e0090000000000000000000000000000000000000000000000000000000000000000000000000000000000000000000000000000000000000000000000000000000000000000000000000000000000001ec800fad690000000000000000000000000000000000000a62b9ca6200000000000089b4800a926f2d1002000000000000000000000054501d2bc8000000000000000000000711e872e23d0226cfc00759168721370048000000000000000000000000000000000000000000000000000000000000000000000000000000000000000000000000000000000000000000000000000000000000000000000000000000000000f64007d6b480000000000000000000000000000000000005315ce53100000000000044da4005493796880100000000000000000000002a280e95e4000000000000000000000388f439711e811367e003ac8b43909b80240000000000000000000000000000000000000000000000000000000000000000000000000000000000000000000000000000000000000000000000000000000000000000000000000000000000007b2003eb5a4000000000000000000000000000000000000298ae7298800000000000226d2002a49bcb440080000000000000000000001514074af20000000000000000000001c47a1cb88f4089b3f001d645a1c84dc0120000000000000000000000000000000000000000000000000000000000000000000000000000000000000000000000000000000000000000000000000000000000000000000000000000000000003d9001f5ad200000000000000000000000000000000000014c57394c40000000000011369001524de5a20040000000000000000000000d73989abfdb292e249dc331357fb6525c493b8d8c3df6fa5e646a86b9cc4d5fed9497124ee1989abfdb292e249dc6c60dbe9798d50d73989abfdb292e249dc331357fb6525c493b8d8c1b7d2f31aa1ae731357fb6525c493b86626aff6ca4b892771b1836fa5e635435ce626aff6ca4b892771adb24e67ac97de858b1ed146df4bcc6a861724e67ac97de858649ccf592fbd0b19a0dbe9798d50c2e49ccf592fbd0b0c9399eb25f7a163341b7d2f31aa185c9399eb25f7a16192733d64bef42c66836fa5e635430b92733d64bef42c324e67ac97de858cd098d3e935fc48988d4c16474cb5b38de8586474cb5b38de858ce8b262d0e326ec16474cb5b38de8586474cb5b38de858ce89182c8e996b671bd0b0c8e996b671bd0b19d0182c8e996b671bd0b0c8e996b671bd0b19d0182c8e996b671bd0b0c8e996b671bd0b19d0182c8e996b671bd0b0c8e996b671bd0b19d0182c8e996b671bd0b0c8e996b671bd0b19d0182c8e996b671bd0b0c8e996b671bd0b19d0182c8e996b671bd0b0c8e996b671bd0b19d0182c8e996b671bd0b0c8e996b671bd0b19d0182c8e996b671bd0b0c8e996b671bd0b19d0182c8e996b671bd0b0c8e996b671bd0b19d0182c8e996b671bd0b0c8e996b671bd0b19d0182c8e996b671bd0b0c8e996b671bd0b19d0182c8e996b671bd0b0c8e996b671bd0b19d0182c8e996b671bd0b0c8e996b671bd0b19d0182c8e996b671bd0b0c8e996b671bd0b19d0182c8e996b671bd0b0c8e996b671bd0b19d0182c8e996b671bd0b0c8e996b671bd0b19d0182c8e996b671bd0b0c8e996b671bd0b19d0182c8e996b671bd0b0c8e996b671bd0b19d0182c8e996b671bd0b0c8e996b671bd0b19d0182c8e996b671bd0b0c8e996b671bd0b19d0182c8e996b671bd0b0c8e996b671bd0b19d0182c8e996b671bd0b0c8e996b671bd0b19d0182c8e996b671bd0b0c8e996b671bd0b19d0182c8e996b671bd0b0c8e996b671bd0b19d0182c8e996b671bd0b0c8e996b671bd0b19d0182c8e996b671bd0b0c8e996b671bd0b19d0182c8e996b671bd0b0c8e996b671bd0b19d0182c8e996b671bd0b0c8e996b671bd0b19d0182c8e996b671bd0b0c8e996b671bd0b19d0182c8e996b671bd0b0c8e996b671bd0b19d0182c8e996b671bd0b0c8e996b671bd0b19d0182c8e996b671bd0b0c8e996b671bd0b19d0182c8e996b671bd0b0c8e996b671bd0b19d0182c8e996b671bd0b0c8e996b671bd0b19d0182c8e996b671bd0b0c8e996b671bd0b19d0182c8e996b671bd0b0c8e996b671bd0b19d0182c8e996b671bd0b0c8e996b671bd0b19d0182c8e996b671bd0b0c8e996b671bd0b19d0182c8e996b671bd0b0c8e996b671bd0b19d0182c8e996b671bd0b0c8e996b671bd0b19d0182c8e996b671bd0b0c8e996b671bd0b19d0182c8e996b671bd0b0c8e996b671bd0b19d0182c8e996b671bd0b0c8e996b671bd0b19d0182c8e996b671bd0b0c8e996b671bd0b19d0182c8e996b671bd0b0c8e996b671bd0b19d0182c8e996b671bd0b0c8e996b671bd0b19d0182c8e996b671bd0b0c8e996b671bd0b19d0182c8e996b671bd0b0c8e996b671bd0b19d0182c8e996b671bd0b0c8e996b671bd0b19d0182c8e996b671bd0b0c8e996b671bd0b19d0182c8e996b671bd0b0c8e996b671bd0b19d01ea180fad690000000000000000000000000000000000000a62b9ca6200000000000089b4800a926f2d100200000000000000000000000000000000001a29bd5a28000000000001317844d8016845a1c5cdc0120000000000000000000000000000000000000000000000000000000000000000000000000000000000000000000000000000000000000000000000000000000000000000000000000000000000003d4301f5ad200000000000000000000000000000000000014c57394c40000000000011369001524de5a2004000000000000000000000000000000000034537ab45000000000000262f089b002d08b438b9b80240000000000000000000000000000000000000000000000000000000000000000000000000000000000000000000000000000000000000000000000000000000000000000000000000000000000007a8603eb5a4000000000000000000000000000000000000298ae7298800000000000226d2002a49bcb44008000000000000000000000000000000000068a6f568a0000000000004c5e1136005a1168717370048000000000000000000000000000000000000000000000000000000000000000000000000000000000000000000000000000000000000000000000000000000000000000000000000000000000000f50c45738f466a277b98378ce3d19a89dee60de4ef5a1e78eb0b3b694669508ae71e8cd44ef7306f19c7a33513bdcc1bc6f5a1e78eb06d28cd2a115ce3d19a89dee60de338f466a277b98378deb43cf1d60da519a5422b9c7a33513bdcc1bc671e8cd44ef7306f1bd6879e3ac1b4a334a845738f466a277b98378ce3d19a89dee60de37ad0f3c7583694669508ae71e8cd44ef7306f19c7a33513bdcc1bc6f5a1e78eb06d28cd2a115ce3d19a89dee60de338f466a277b98378deb43cf1d60da519a5422b9c7a33513bdcc1bc671e8cd44ef7306f1bd6879e3ac1b4a334a845738f466a277b98378ce3d19a89dee60de37ad0f3c7583694669508ae71e8cd44ef7306f19c7a33513bdcc1bc6f5a1e78eb06d28cd2a115ce3d19a89dee60de338f466a277b98378deb43cf1d60da519a5422b9c7a33513bdcc1bc671e8cd44ef7306f1bd6879e3ac1b4a334a845738f466a277b98378ce3d19a89dee60de37ad0f3c75836946695298ad2671e8cd44ef7306f28e67b282ec94870f02fa779d0f3c7583694669f88067b282ec94870f02f99eca0bb2521c3c0be6f3a1e78eb06d28cd3f100cf6505d9290e1e05f33d941764a4387817cde743cf1d60da519a7e2019eca0bb2521c3c0be67b282ec94870f02f9bce879e3ac1b4a334fc4033d941764a4387817ccf6505d9290e1e05f44e2743abe38eb06d28cd3f100cf6505d9290e1e05f33d941764a4387817d5d4e0b1333ffce7a4b51e194fc4033d941764a4387817ccf6505d9290e1e05f46e589f4e7a49e194fc4033d941764a4387817ccf6505d9290e1e05f372c4fa73d24f0ca7e2019eca0bb2521c3c0be67b282ec94870f02f9b9627d39e9278653f100cf6505d9290e1e05f33d941764a4387817cdcb13e9cf493c329f88067b282ec94870f02f99eca0bb2521c3c0be6e589f4e7a49e194fc4033d941764a4387817ccf6505d9290e1e05f372c4fa73d24f0ca7e2019eca0bb2521c3c0be67b282ec94870f02f9b9627d39e9278653f100cf6505d9290e1e05f33d941764a4387817cdcb13e9cf493c329f88067b282ec94870f02f99eca0bb2521c3c0be6e589f4e7a49e194fc4033d941764a4387817ccf6505d9290e1e05f372c4fa73d24f0ca7e2019eca0bb2521c3c0be67b282ec94870f02f9b9627d39e9278653f100cf6505d9290e1e05f33d941764a4387817cdcb13e9cf493c329fb4526d9eca0bb2521c3c0be849b9627d39e92786400dcb13e9cf493c32006e589f4e7a49e1900372c4fa73d24f0c802630589d7ffce7a4a2699d400b0e2ce266e009000000000000000000000000000000000000000000000000000000000000000000000000000000000000000000000000000000000000000000000000000000000000000000000000000000000000174c057eed400000000000000000000000000000000000079f2f419e7cbdb47f3001ea000000047a023d098b8f9016445a1f6803200000000000000000000000000000000004d50a4d4000000000001089b00356afe6e00840000000000000000000000000000000000000000000000000000000000000000000000000000000000000000000000000000000000000000000000000000000000000000000000000000000000002e980afdda8000000000000000000000000000000000000f3e5e833cf97b68fe6003d400000008f4047a13171f202c88b43ed006400000000000000000000000000000000009aa149a80000000000021136006ad5fcdc01080000000000000000000000000000000000000000000000000000000000000000000000000000000000000000000000000000000000000000000000000000000000000000000000000000000000005d3015fbb50000000000000000000000000000000000001e7cbd0679f2f6d1fcc007a800000011e808f4262e3e405911687da00c8000000000000000000000000000000000135429350000000000004226c00d5abf9b80210000000000000000000000000000000000000000000000000000000000000000000000000000000000000000000000000000000000000000000000000000000000000000000000000000000000000ba602bf76a0000000000000000000000000000000000003cf97a0cf3e5eda3f9800f5000000023d011e84c5c7c80b222d0fb4019000000000000000000000000000000000026a8526a000000000000844d801ab57f370042000000000000000000000000000000000000000000000000000000000000000000000000000000000000000000000000000000000000000000000000000000000000000000000000000000000000174c057eed400000000000000000000000000000000000079f2f419e7cbdb47f3001ea000000047a023d098b8f9016445a1f6803200000000000000000000000000000000004d50a4d4000000000001089b00356afe6e00840000000000000000000000000000000000000000000000000000000000000000000000000000000000000000000000000000000000000000000000000000000000000000000000000000000000002e980afdda8000000000000000000000000000000000000f3e5e833cf97b68fe6003d400000008f4047a13171f202c88b43ed006400000000000000000000000000000000009aa149a80000000000021136006ad5fcdc01080000000000000000000000000000000000000000000000000000000000000000000000000000000000000000000000000000000000000000000000000000000000000000000000000000000000005d3015fbb50000000000000000000000000000000000001e7cbd0679f2f6d1fcc007a800000011e808f4262e3e405911687da00c8000000000000000000000000000000000135429350000000000004226c00d5abf9b80210000000000000000000000000000000000000000000000000000000000000000000000000000000000000000000000000000000000000000000000000000000000000000000000000000000000000ba602bf76a0000000000000000000000000000000000003cf97a0cf3e5eda3f9800f5000000023d011e84c5c7c80b222d0fb4019000000000000000000000000000000000026a8526a000000000000844d801ab57f370042000000000000000000000000000000000000000000000000000000000000000000000000000000000000000000000000000000000000000000000000000000000000000000000000000000000000174c057eed400000000000000000000000000000000000079f2f419e7cbdb47f3001ea000000047a023d098b8f90163c4c6a8fddf680275c66001ae33000d7198006b8cc0035c66001ae33000d7198006b8cc006400000000009aa149a80000000000021136006ad5fcdc0108000000000000000000000004ea94f8672003549e19c800d5278672003549e19c800d5278672003549e19c800d5278672003549e19c800d527867200420000000000000000000000000019786724f8672003c3391e19c800f0ce478672003c3391e19c800f0ce478672003c3391e19c800f0ce478672003c3391e19c800f0ce47867200628000000000000000000000000004ea94f8672003549e19c800d5278672003549e19c800d5278672003549e19c800d5278672003549e19c800d52786725d3015f3b40000000000000000000000000000000000001e7cbd0679f2f6d1fcc007a80000000007e07e009d721f81f801ae43f03f0035c87e07e006b90fc0fc00d721f81f801ae43f03f0035c87e07e006b90fc08c3ff00411e8226758f9016445a1f6803200000004d50a4d4000000000001089b00356afe6e00840000000a7d97759bea2a579d95bcb82a44da606989f16b8cbfd6eff4ca62af1eb8cbfd6732eeb37d454af3b2b78cbbacdf5152bcecade60c6d3c14e4de6ce8ca3a33997759bea2a579d95bc65dd66fa8a95e7656f3061e0a723674651d19ccbbacdf5152bcecade32eeb37d454af3b2b79830f05391b3a328e8ce65dd66fa8a95e7656f3e652bdd66860617fc8e95e88ff00fb656f30af994fdbc2f08a628a72234746bb4746330bff002456ff00f747fe574d74ed096bce33935bfeaba6bee12d791ec2eb47c5c37daa1dac531aa3f648b3935bfeaba6bee12d78ce4d6ffaae9afb84b5e47435432f0c64916726b7fd574d7dc25af19c9adff55d35f7096bc8e86a83c3192459c9adff0055d35f7096bc6726b7fd574d7dc25af23a1aa0f0c64916726b7fd574d7dc25af19c9adff0055d35f7096bc8e86a83c3192459c9adff55d35f7096bc6726b7fd574d7dc25af23a1aa0f0c64916726b7fd574d7dc25af19c9adff55d35f7096bc8e86a83c3192459c9adff0055d35f7096bc6726b7fd574d7dc25af23a1aa0f0c64916726b7fd574d7dc25af3eb03ff2456fff00760ffcae9ae9da12d791b7381d7c1f135464c6698d53fb3d14015ccdd4a557900420000000698c7f4a6d29df1f0ad6e768a077b1fd29b4a77c7c2b4c7f4a6d29df1f0ad744077b1fd29b4a77c7c2b4c7f4a6d29df1f0ad744077b1fd29b4a77c7c2b4c7f4a6d29df1f0ad744077b1fd29b4a77c7c2b4c7f4a6d29df1f0ad744654de134de1dec7f4a6d29df1f0ad31fd29b4a77c7c2b5d1173534c6a8fd975d34c6a8fd9dec7f4a6d29df1f0ad31fd29b4a77c7c2b5d113e18c997863277b1fd29b4a77c7c2b4c7f4a6d29df1f0ad7443c3191e18c9dec7f4a6d29df1f0ad31fd29b4a77c7c2b5d10f0c647863277b1fd29b4a77c7c2b4c7f4a6d29df1f0ad7443c3191e18c9dec7f4a6d29df1f0ad31fd29b4a77c7c2b5d10f0c647863277b1fd29b4a77c7c2b4c7f4a6d29df1f0ad7443c3191e18c9dec7f4a6d29df1f0ad31fd29b4a77c7c2b5d10f0c647863277b1fd29b4a77c7c2b4c7f4a6d29df1f0ad7444554c6a9fd98d54c6a9fd9bd4053355e54a55790062800000000000000000000651784d37850dc2ff00c915bffdd1ff0095d35d3b425af38ce4d6ff00aae9afb84b5e47b0bad1f170b17542eb8a63547ec916726b7fd574d7dc25af19c9adff0055d35f7096bc8e86a865e18c922ce4d6ff00aae9afb84b5e33935bfeaba6bee12d791d0d507863248b3935bfeaba6bee12d78ce4d6ff00aae9afb84b5e4743541e18c922ce4d6ffaae9afb84b5e33935bfeaba6bee12d791d0d507863248b3935bfeaba6bee12d78ce4d6ffaae9afb84b5e4743541e18c922ce4d6ff00aae9afb84b5e33935bfeaba6bee12d791d0d507863248b3935bfeaba6bee12d78ce4d6ff00aae9afb84b5e4743541e18c922ce4d6ffaae9afb84b5e33935bfeaba6bee12d791d0d50786327bd003f3c3860000000000000000000000000000000000001e7cbd0679f2f6d1fcc007a800000000000000000000000000000000011e808f4262e3e405911687da00c8000000135429350000000000004226c00d5abf9b802100000002912eea9136d80fe5fd7fadefe97fcffaff00401b56f40000007cca7ede17845f4f994fdbc2f08a62e98ba1585d68f8b87385d68f8b86f1d9c5a0006400000000000000000039c0ebe0f8b87381d7c1f118cda5e8a00ae26ea4aabc8021000000034537ab4500000000000032a6f09a6f000b9e9b42eda6d000c990000000000000000000031aad2c6ab4b7a80a62abca92aaf200c5000000000000000000000ca2f09a6f0f3af0bad1f170e70bad1f170b1976c5a00064000000000000000000000f7a007e777080000000000000000000000000000000000003cf97a0cf3e5eda3f9800f5000000000000000000000000000000000023d011e84c5c7c80b222d0fb4019000000026a8526a000000000000844d801ab57f37004200000005225dd5226db01fcbfaff5bdfd2ff9ff005fe8036ade8000000f994fdbc2f08be9f329fb785e114c5d31742b0bad1f170e70bad1f170de3b38b4000c80000000000000000007381d7c1f170e703af83e2319b4bd14015c4dd4955790042000000068a6f568a000000000000654de134de00173d3685db4da001932000000000000000000006355a58d5696f5014c557952555e4018a000000000000000000001945e134de1e75e175a3e2e1ce175a3e2e1632ed8b4000c8000000000000000000001ef400fceee1000000000000000000000000000000000000079f2f419e7cbdb47f3001ea000000000000000000000000000000000047a023d098b8f9016445a1f6803200000004d50a4d4000000000001089b00356afe6e00840000000a44bbaa44db603f97f5feb7bfa5ff003febfd006d5bd0000001f329fb785e117d3e653f6f0bc2298ba62e856175a3e2e1ce175a3e2e1bc76716800190000000000000000000e703af83e2e1ce075f07c4633697a2802b89ba92aaf200840000000d14dead14000000000000ca9bc269bc002e7a6d0bb69b400326400000000000000000000c6ab4b1aad2dea0298aaf2a4aabc8031400000000000000000000328bc269bc3cebc2eb47c5c39c2eb47c5c2c65db16800190000000000000000000003de801f9ddc20000000000000000000000000000000000000f3e5e8334ee8b354f68d33c692f69e944c45c55b1693459aa7b4699e3497b468b354f68d33c692f69e9e38156c5a4d166a9ed1a678d25ed1a2cd53da34cf1a4bda3c702ad8b49a2cd53da34cf1a4bda3459aa7b4699e3497b478e055b1693459aa7b4699e3497b468b354f68d33c692f68f1c0ab62d268b354f68d33c692f68d166a9ed1a678d25ed1e38156c5a4d166a9ed1a678d25ed1a2cd53da34cf1a4bda3c702ad8b49a2cd53da34cf1a4bda3459aa7b4699e3497b478e055b1693459aa7b4699e3497b468b354f68d33c692f68f1c0ab62d268b354f68d33c692f6956d3131360019000000011e808f4262e3e405911687da00c8000000135429350000000000004226c00d5abf9b802100000002912eea9136d80fe5fd7fadefe97fcffaff00401b56f40000007cca7ede17845f4f994fdbc2f08a62e98ba1585d68f8b87385d68f8b86f1d9c5a0006400000000000000000039c0ebe0f8b87381d7c1f118cda5e8a00ae26ea4aabc8021000000034537ab4500000000000032a6f09a6f000b9e9b42eda6d000c990000000000000000000031aad2c6ab4b7a80a62abca92aaf200c5000000000000000000000ca2f09a6f0f3af0bad1f170e70bad1f170b1976c5a00064000000000000000000000f7a007e777080000000000000000000000000000000000000000000000000000000000000003cf97a0cf3e5eda3f9800f5000000023d011e84c5c7c80b222d0fb4019000000026a8526a000000000000844d801ab57f37004200000005225dd5226db01fcbfaff5bdfd2ff9ff005fe8036ade8000000f994fdbc2f08be9f329fb785e114c5d31742b0bad1f170e70bad1f170de3b38b4000c80000000000000000007381d7c1f170e703af83e2319b4bd14015c4dd4955790042000000068a6f568a000000000000654de134de00173d3685db4da001932000000000000000000006355a58d5696f5014c557952555e4018a000000000000000000001945e134de1e75e175a3e2e1ce175a3e2e1632ed8b4000c8000000000000000000001ef400fceee1000000000000000000000000000000000000000000000000000000000000000079f2f419e7cbdb47f3001ea000000047a023d098b8f9016445a1f6803200000004d50a4d4000000000001089b00356afe6e00840000000a44bbaa44db603f97f5feb7bfa5ff003febfd006d5bd0000001f329fb785e117d3e653f6f0bc2298ba62e856175a3e2e1ce175a3e2e1bc76716800190000000000000000000e703af83e2e1ce075f07c4633697a2802b89ba92aaf200840000000d14dead14000000000000ca9bc269bc002e7a6d0bb69b400326400000000000000000000c6ab4b1aad2dea0298aaf2a4aabc8031400000000000000000000328bc269bc3cebc2eb47c5c39c2eb47c5c2c65db16800190000000000000000000003de801f9ddc20000000000000000000000000000000000000000000000000000000000000000f3e5e833cf97b68fe6003d400000008f4047a13171f202c88b43ed006400000009aa149a80000000000021136006ad5fcdc01080000001489775489b6c07f2febfd6f7f4bfe7fd7fa00dab7a0000003e653f6f0bc22fa7cca7ede178453174c5d0ac2eb47c5c39c2eb47c5c378ece2d000320000000000000000001ce075f07c5c39c0ebe0f88c66d2f45005713752555e401080000001a29bd5a28000000000001953784d378005cf4da176d3680064c8000000000000000000018d5696355a5bd4053155e54955790062800000000000000000000651784d37879d785d68f8b87385d68f8b858cbb62d000320000000000000000000007bd003f3bb840000000000000000000000000000000000000000000000000000000000000001e7cbd0679f2f6d1fcc007a800000011e808f4262e3e405911687da00c8000000135429350000000000004226c00d5abf9b802100000002912eea9136d80fe5fd7fadefe97fcff00aff401b56f40000007cca7ede17845f4f994fdbc2f08a62e98ba1585d68f8b87385d68f8b86f1d9c5a0006400000000000000000039c0ebe0f8b87381d7c1f118cda5e8a00ae26ea4aabc8021000000034537ab4500000000000032a6f09a6f000b9e9b42eda6d000c990000000000000000000031aad2c6ab4b7a80a62abca92aaf200c5000000000000000000000ca2f09a6f0f3af0bad1f170e70bad1f170b1976c5a00064000000000000000000000f7a007e777080000000000000000000000000000000000000000000000000000000000000002ade8b35b368d0dc695f6969065154c5855bd166b66d1a1b8d2bed1a2cd6cda34371a57da5a41978e455bd166b66d1a1b8d2bed1a2cd6cda34371a57da5a40f1c8ab7a2cd6cda34371a57da3459ad9b4686e34afb4b481e39156f459ad9b4686e34afb4e3459ad9b4686e34afb4b4a1e391567457adbb4686e34afb468af5b768d0dc695f696986c78a62f9fb47b3d3c752ace8af5b768d0dc695f68d15eb6ed1a1b8d2bed2d309e298be7ed1ec6d2a559d15eb6ed1a1b8d2bed1a2bd6dda34371a57da5a60e298be7ed1ec6d2a559d15eb6ed1a1b8d2bed1a2bd6dda34371a57da5a60e298be7ed1ec6d2a559d15eb6ed1a1b8d2bed224ba6a58714c5f3f68f63695001c5317cfda3d8da5400714c5f3f68f63695001c5317cfda3d8da540047ea98bd7f1f68f644d756a007551670f3700000000015d7473acddba8ae2ca7b6b143df47a6ab45afc3f37d3a1c457a0d7e0f9abae8e759bb7515c594f6cd1ceb376ea2b8b29edac50f6def4afa78869fe9d15d7473acddba8ae2ca7b668e759bb7515c594f6d62837bd29c434ff4e8aeba39d66edd4571653db3473acddba8ae2ca7b6b141bde94e21a7fa74575d1ceb376ea2b8b29edb8c2ff4e559b0b0630fd7515ffb87e1fbb29edac586f9a538869fe9d15670bfd285678c631c694571253db344facfb568ae24a7b6b4c3e8e2789cfb3ece398de7ecab3a27d67dab4571253db344facfb568ae24a7b6b4c1c4f139f64f1cc6f3f6559d13eb3ed5a2b8929ed9a27d67dab4571253db5a60e2789cfb1c731bcfd956744facfb568ae24a7b6689f59f6ad15c494f6d698389e273ec71cc6f3f6559d13eb3ed5a2b8929ed9a27d67dab4571253db5a60e2789cfb1c731bcfd956744facfb568ae24a7b6689f59f6ad15c494f6d698389e273ec71cc6f3f6559d13eb3ed5a2b8929ed9a27d67dab4571253db5a60e2789cfb1c731bcfd956744facfb568ae24a7b6689f59f6ad15c494f6d698389e273ec71cc6f3f6559d13eb3ed5a2b8929ed983fe942b3c30a11c69457febffe929edad30713c4e7d91c731bcfd801ab6867f7004000000034537ab4500000000000032a6f09a6f000b9e9b42eda6d000c990000000000000000000031aad2c6ab4b7a80a62abca92aaf200c500000000000000000000092cab385fe942b3c6318e34a2b8929ed9a27d67dab4571253db5a61b4e2789cfb37dc731bcfd956744facfb568ae24a7b6689f59f6ad15c494f6d698389e273ec9e398de7ecab3a27d67dab4571253db344facfb568ae24a7b6b4c1c4f139f638e6379fb2ace89f59f6ad15c494f6cd13eb3ed5a2b8929edad30713c4e7d8e398de7ecab3a27d67dab4571253db344facfb568ae24a7b6b4c1c4f139f638e6379fb2ace89f59f6ad15c494f6cd13eb3ed5a2b8929edad30713c4e7d8e398de7ecab3a27d67dab4571253db344facfb568ae24a7b6b4c1c4f139f638e6379fb2ace89f59f6ad15c494f6cd13eb3ed5a2b8929edad30713c4e7d8e398de7ecab3a27d67dab4571253db344facfb568ae24a7b6b4c1c4f139f638e6379fb2e980aa9b600000000000000000000000000000000000000000000000000000000000000000000000000000000000000000014b174d4b000000000000131744d801df459c5cdc0120000000000000000000000000000000000000000000000000000000000000d14dead14000000000000ca9bc269bc002e7a6d0bb69b400326400000000000000000000c6ab4b1aad2dea0298aaf2a4aabc803140000000000000000000000000000000000000000000000002e980afdda8000000000000000000000000000000000000000000000000000000000000000000000000000000000000000000a58ba6a5800000000000098ba26c00efa2ce2e6e009000000000000000000000000000000000000000000000000000000000000068a6f568a000000000000654de134de00173d3685db4da001932000000000000000000006355a58d5696f5014c557952555e4018a000000000000000000000000000000000000000000000000174c057eed400000000000000000000000000000000000000000000000000000000000000000000000000000000000000000052c5d352c0000000000004c5d1360077d1671737004800000000000000000000000000000000000000000000000000000000000034537ab4500000000000032a6f09a6f000b9e9b42eda6d000c990000000000000000000031aad2c6ab4b7a80a62abca92aaf200c50000000000000000000000000000000000000000000000000ba602bf76a0000000000000000000000000000000000000000000000000000000000000000000000000000000000000000002962e9a96000000000000262e89b003be8b38b9b80240000000000000000000000000000000000000000000000000000000000001a29bd5a28000000000001953784d378005cf4da176d3680064c8000000000000000000018d5696355a5bd4053155e5495579006280000000000000000000000000000000000000000000000005d3015fbb500000000000000000000000000000000000000000000000000000000000000000000000000000000000000000014b174d4b000000000000131744d801df459c5cdc0120000000000000000000000000000000000000000000000000000000000000d14dead14000000000000ca9bc269bc002e7a6d0bb69b400326400000000000000000000c6ab4b1aad2dea0298aaf2a4aabc803140000000000000000000000000000000000000000000000002e980afdda8000000000000000000000000000000000000000000000000000000000000000000000000000000000000000000a58ba6a5800000000000098ba26c00efa2ce2e6e009000000000000000000000000000000000000000000000000000000000000068a6f568a000000000000654de134de00173d3685db4da001932000000000000000000006355a58d5696f5014c557952555e4018a000000000000000000000000000000000000000000000000174c057eed400000000000000000000000000000000000000000000000000000000000000000000000000000000000000000052c5d352c0000000000004c5d1360077d1671737004800000000000000000000000000000000000000000000000000000000000034537ab4500000000000032a6f09a6f000b9e9b42eda6d000c990000000000000000000031aad2c6ab4b7a80a62abca92aaf200c50000000000000000000000000000000000000000000000000ba602bf76a0000000000000000000000000000000000000000000000000000000000000000000000000000000000000000002962e9a96000000000000262e89b003be8b38b9b80240000000000000000000000000000000000000000000000000000000000001a29bd5a28000000000001953784d378005cf4da176d3680064c8000000000000000000018d5696355a5bd4053155e5495579006280000000000000000000000000000000000000000000000005d3015fbb500000000000000000000000000000000000000000000000000000000000000000000000000000000000000000014b174d4b000000000000131700164c683f6bb59c275ff3edf9004ec3ea8e11f7f6fc801b0fa9c23efedf900361f53847dfdbf2006c3ea708fbfb7e400d87d4e11f7f6fc801b0fa9c23efedf900361f53847dfdbf2006c3ea708fbfb7e400d87d4e11f7f6fc801b0fa9c23efedf900361f53847dfdbf2006c3ea708fbfb7e400d87d4e11f7f6fc801b0fa9c23efedf900361f53847dfdbf2006c3ea708fbfb7e400d87d4e11f7f6fc801b0fa9c23efedf900361f53847dfdbf2006c3ea708fbfb7e400d87d4e11f7f6fc8d14dead146c3ea708fbfb7e400d87d4e11f7f6fc801b0fa9c23efedf900361f53847dfdbf20098d06a9d7ad31fa4ea9d7e3edf9007691fae6a8d5b3eeeda31faa35784013c73ff003eff0084f10fb400e39ff9f7fc1c43ed0038e7fe7dff000710fb400e39ff009f7fc1c43ed0038e7fe7dff0710fb400e39ff9f7fc1c43ed0038e7fe7dff000710fb40113fae6b8d5b3eff00844e3f5c6af0b7a80e2e741ae75eb7133fa4eb9d7e3edf90046c3ea8e11f7f6fc801b0fa9c23efedf900361f53847dfdbf2006c3ea708fbfb7e400d87d4e11f7f6fc801b0fa9c23efedf900361f53847dfdbf2006c3ea708fbfb7e400d87d4e11f7f6fc801b0fa9c23efedf900361f53847dfdbf2006c3ea708fbfb7e400d87d4e11f7f6fc801b0fa9c23efedf900361f53847dfdbf2006c3ea708fbfb7e400d87d4e11f7f6fcae980ad1b400000000000000000000000000000000000000000000000000000000000000000000000000000000000000000014b174d4b0000000000001945e0005a51687da00c80000000000000000000000000000000000000000000000000000000000001a29bd5a280000000000000000000000000000000000000001bd4000000000000000000000000000000000000000000000000000005d30154be200000000000000000000000000000000000000000000000000000000000000000000000000000000000000000014b174d4b0000000000001945e0005a51687da00c80000000000000000000000000000000000000000000000000000000000001a29bd5a280000000000000000000000000000000000000001bd4000000000000000000000000000000000000000000000000000005d30154be200000000000000000000000000000000000000000000000000000000000000000000000000000000000000000014b174d4b0000000000001945e0005a51687da00c80000000000000000000000000000000000000000000000000000000000001a29bd5a280000000000000000000000000000000000000001bd4000000000000000000000000000000000000000000000000000005d30154be200000000000000000000000000000000000000000000000000000000000000000000000000000000000000000014b174d4b0000000000001945e0005a51687da00c80000000000000000000000000000000000000000000000000000000000001a29bd5a280000000000000000000000000000000000000001bd4000000000000000000000000000000000000000000000000000005d30154be2000000000000000000000000000000000000000000000000000000000000000000000000000000000000000000141b1ccf75de5858bf2f3e5eb44448eee399eebbcb0b0c733dd7796163a43d754643bb8e67baef2c2c31ccf75de5858e906a8c87771ccf75de58586399eebbcb0b1d20d5190eee399eebbcb0b08d333dd7796163a447a0888d63b78ea7baff2c2c31d4f75fe5858e90b2a2d0fb5ddc753dd7f961618ea7baff2c2c748643bb8ea7baff2c2c31d4f75fe5858e900eee3a9eebfcb0b0c753dd7f96163a403bb8ea7baff002c2c31d4f75fe5858e900eee3a9eebfcb0b0c753dd7f96163a403bb8ea7baff2c2c31d4f75fe5858e900eee3a9eebfcb0b0c753dd7f96163a403bb8ea7baff002c2c31d4f75fe5858e900eee3a9eebfcb0b0c753dd7f96163a403bb8ea7baff2c2c31d4f75fe5858e900eee3a9eebfcb0b0c753dd7f96163a403bb8ea7baff002c2c31d4f75fe5858e900eee3a9eebfcb0b0c753dd7f96163a403bb8ea7baff2c2c31d4f75fe5858e900eee3a9eebfcb0b0c753dd7f96163a403bb8ea7baff002c2c31d4f75fe5858e900eee3a9eebfcb0b0c753dd7f96163a403bb8ea7baff2c2c31d4f75fe5858e900eee3a9eebfcb0b0c753dd7f96163a403bb8ea7baff002c2c31d4f75fe5858e900eee3a9eebfcb0b0c753dd7f96163a403bb8ea7baff2c2c60b10cc3b3f9f0ad640063f10cc3b3f9f0ad310cc3b3f9f0ad640063f10cc3b3f9f0ad310cc3b3f9f0ad640063f10cc3b3f9f0ad310cc3b3f9f0ad640063f10cc3b3f9f0ad310cc3b3f9f0ad640063f10cc3b3f9f0ad310cc3b3f9f0ad640063f10cc3b3f9f0ad310cc3b3f9f0ad640063f10cc3b3f9f0ad310cc3b3f9f0ad640063f10cc3b3f9f0ad310cc3b3f9f0ad640063f10cc3b3f9f0ad310cc3b3f9f0ad640063f10cc3b3f9f0ad310cc3b3f9f0ad640063f10cc3b3f9f0ad310cc3b3f9f0ad640063f10cc3b3f9f0ad310cc3b3f9f0ad640063f10cc3b3f9f0ad310cc3b3f9f0ad64007771d4f75fe585863a9eebfcb0b1d201ddc753dd7f961618ea7baff002c2c74807771d4f75fe585863a9eebfcb0b1d201ddc753dd7f961618ea7baff2c2c74807771d4f75fe585863a9eebfcb0b1d201ddc753dd7f961618ea7baff002c2c74807771d4f75fe585863a9eebfcb0b1d201ddc753dd7f961618ea7baff2c2c74807771d4f75fe585863a9eebfcb0b1d201ddc753dd7f961618ea7baff002c2c74807771d4f75fe585863a9eebfcb0b1d201ddc753dd7f961618ea7baff2c2c74807771d4f75fe585863a9eebfcb0b1d201ddc753dd7f961618ea7baff002c2c74807771d4f75fe585863a9eebfcb0b1d201ddc753dd7f961618ea7baff2c2c74807771d4f75fe585863a9eebfcb0b1d201ddc753dd7f961618ea7baff002c2c74807a1002a97c40000000000000000000000000000000000000000000000000000000000000000000000000000000000000000003cf97a0cf3e5eda3f9800f5000000023d011e84c5c7c80b222d0fb40190000000000000000000000000000000000000000000000000000000000000000000000000000000000000000000000000000000000000000000000000000000000000000000000000000000000000f4200552f8800000000000000000000000000000000000000000000000000000000000000000000000000000000000000000079f2f419e7cbdb47f3001ea000000047a023d098b8f9016445a1f680320000000000000000000000000000000000000000000000000000000000000000000000000000000000000000000000000000000000000000000000000000000000000000000000000000000000001e8400aa5f10000000000000000000000000000000000000000000000000000000000000000000000000000000000000000000f3e5e833cf97b68fe6003d400000008f4047a13171f202c88b43ed00640000000000000000000000000000000000000000000000000000000000000000000000000000000000000000000000000000000000000000000000000000000000000000000000000000000000003d080154be20000000000000000000000000000000000000000000000000000000000000000000000000000000000000000001e7cbd0679f2f6d1fcc007a800000011e808f4262e3e405911687da00c80000000000000000000000000000000000000000000000000000000000000000000000000000000000000000000000000000000000000000000000000000000000000000000000000000000000007a1002a97c40000000000000000000000000000000000000000000000000000000000000000000000000000000000000000003cf97a0cf3e5eda3f9800f5000000023d011e84c5c7c80b222d0fb40190000000000000000000000000000000000000000000000000000000000000000000000000000000000000000000000000000000000000000000000000000000000000000000000000000000000000f4200552f8800000000000000000000000000000000000000000000000000000000000000000000000000000000000000000079f2f419e7cbdb47f3001ea000000047a023d098b8f9016445a1f680320000000000000000000000000000000000000000000000000000000000000000000000000000000000000000000000000000000000000000000000000000000000000000000000000000000000001e8400aa5f10000000000000000000000000000000000000000000000000000000000000000000000000000000000000000000f3e5e833cf97b68fe6003d400000008f4047a13171f202c88b43ed00640000000000000000000000000000000000000000000000000000000000000000000000000000000000000000000000000000000000000000000000000000000000000000000000000000000000003d080154be20000000000000000000000000000000000000000000000000000000000000000000000000000000000000000001e7cbd0679f2f6d1fcc007a800000011e808f4262e3e405911687da00c80000000000000000000000000000000000000000000000000000000000000000000000000000000000000000000000000000000000000000000000000000000000000000000000000000000000007a1002a97c40000000000000000000000000000000000000000000000000000000000000000000000000000000000000000003cf97a0cf3e5eda3f9800f5000000023d011e84c5c7c80b222d0fb40190000000000000000000000000000000000000000000000000000000000000000000000000000000000000000000000000000000000000000000000000000000000000000000000000000000000000f4200552f8800000000000000000000000000000000000000000000000000000000000000000000000000000000000000000079f2f419e7cbdb47f3001ea000000047a023d098b8f9016445a1f680320000000000000000000000000000000000000000000000000000000000000000000000000000000000000000000000000000000000000000000000000000000000000000000000000000000000001e8400aa5f10000000000000000000000000000000000000000000000000000000000000000000000000000000000000000000f3e5e833cf97b68fe6003d400000008f4047a13171f202c88b43ed00640000000000000000000000000000000000000000000000000000000000000000000000000000000000000000000000000000000000000000000000000000000000000000000000000000000000003d080154be20000000000000000000000000000000000000000000000000000000000000000000000000000000000000000001e7cbd0679f2f6d1fcc007a800000011e808f4262e3e405911687da00c80000000000000000000000000000000000000000000000000000000000000000000000000000000000000000000000000000000000000000000000000000000000000000000000000000000000007a1002a97c40000000000000000000000000000000000000000000000000000000000000000000000000000000000000000003cf97a0cf3e5eda3f9800f5000000023d011e84c5c7c80b222d0fb40190000000000000000000000000000000000000000000000000000000000000000000000000000000000000000000000000000000000000000000000000000000000000000000000000000000000000fffd9, '2025-06-03 17:01:52');
INSERT INTO `users` (`id`, `email`, `password`, `salt`, `lastname`, `firstname`, `middlename`, `description`, `photo`, `last_activity`) VALUES
(30, 'Nikolay.Rusan0v@yandex.ru', 'cba5ba2b750c7b89fc2d82fac23c149cc7c788430568e98c2e4a8ef3d51f511c8a040b0a79466a415ad1ff77fefe34594c4aeb4c6d1cb3d856936989c655b72b', '6ecf6d993ed0f592c74d9e48f2dacde41330518a8e147f96ac7b54869ebdbf0a', 'd', 'd', 'd', NULL, NULL, NULL),
(31, 'kolya123.rus098@yandex.ru', 'c428eef8746a7989d1fbaae16d96876a4eeeb08ef5ee7e9d53390c0f9d8afd78f12d84e4af8ce5305a2589fc2c6e4c87712c98ca326ee49447d9e1d4a89187df', '16d1a3f8c77486a4e026e1f36c889f157c3087644999e00841638cc1f9cd2924', 's', 's', 's', NULL, NULL, '2025-06-06 11:54:10'),
(32, 't', '23a719daac84b0dd6e4fa43e73f9a272a19ed6d25f8c0c454f211f96edcba354623a2a30ea9ec2a3ba2e3156b0aed87b81c1b56ed3d94ab5232262a47c9213cf', '9b7f243d86a5f62b0e371651a1edebcb696a16a12f6e42210a6a48cead2a21cd', 't', 't', 't', 't', NULL, NULL);

--
-- Триггеры `users`
--
DELIMITER $$
CREATE TRIGGER `hash_password_before_insert` BEFORE INSERT ON `users` FOR EACH ROW BEGIN
    -- Проверяем, что пароль не пустой и не равен NULL
    IF NEW.password IS NOT NULL AND NEW.password != '' THEN
        -- Если соль не предоставлена, генерируем новую
        IF NEW.salt IS NULL OR NEW.salt = '' OR NEW.salt = '0' THEN
            SET NEW.salt = SHA2(UUID(), 256);
        END IF;
        
        -- Хэшируем пароль с использованием соли
        SET NEW.password = SHA2(CONCAT(NEW.password, NEW.salt), 512);
    END IF;
END
$$
DELIMITER ;
DELIMITER $$
CREATE TRIGGER `hash_password_before_update` BEFORE UPDATE ON `users` FOR EACH ROW BEGIN
    -- Проверяем, был ли изменён пароль
    IF NEW.password != OLD.password OR OLD.password IS NULL THEN
    
        -- Если пароль не пустой и не NULL
        IF NEW.password IS NOT NULL AND NEW.password != '' THEN
        
            -- Если соль не задана или равна '0', генерируем новую
            IF NEW.salt IS NULL OR NEW.salt = '' OR NEW.salt = '0' THEN
                SET NEW.salt = SHA2(UUID(), 256);
            END IF;
            
            -- Хэшируем новый пароль с использованием текущей соли
            SET NEW.password = SHA2(CONCAT(NEW.password, NEW.salt), 512);
        
        END IF;
    
    END IF;
END
$$
DELIMITER ;

--
-- Индексы сохранённых таблиц
--

--
-- Индексы таблицы `chapters_subtask`
--
ALTER TABLE `chapters_subtask`
  ADD PRIMARY KEY (`id`),
  ADD KEY `chapters_subtask_ibfk_1` (`task_id`);

--
-- Индексы таблицы `chapters_task`
--
ALTER TABLE `chapters_task`
  ADD PRIMARY KEY (`id`),
  ADD KEY `project_id` (`project_id`);

--
-- Индексы таблицы `participants`
--
ALTER TABLE `participants`
  ADD PRIMARY KEY (`id`),
  ADD KEY `project_id` (`project_id`),
  ADD KEY `user_id` (`user_id`);

--
-- Индексы таблицы `projects`
--
ALTER TABLE `projects`
  ADD PRIMARY KEY (`id`),
  ADD KEY `creator` (`creator`);

--
-- Индексы таблицы `subtasks`
--
ALTER TABLE `subtasks`
  ADD PRIMARY KEY (`id`),
  ADD KEY `responsible` (`responsible`),
  ADD KEY `task_id` (`task_id`),
  ADD KEY `creator_id` (`creator_id`),
  ADD KEY `subtasks_ibfk_1` (`chapter_id`);

--
-- Индексы таблицы `tasks`
--
ALTER TABLE `tasks`
  ADD PRIMARY KEY (`id`),
  ADD KEY `tasks_ibfk_1` (`creator_id`),
  ADD KEY `tasks_ibfk_3` (`project_id`),
  ADD KEY `tasks_ibfk_2` (`chapter_id`);

--
-- Индексы таблицы `task_responsible`
--
ALTER TABLE `task_responsible`
  ADD PRIMARY KEY (`id`),
  ADD KEY `user` (`user_id`),
  ADD KEY `task_responsible_ibfk_1` (`task_id`);

--
-- Индексы таблицы `users`
--
ALTER TABLE `users`
  ADD PRIMARY KEY (`id`);

--
-- AUTO_INCREMENT для сохранённых таблиц
--

--
-- AUTO_INCREMENT для таблицы `chapters_subtask`
--
ALTER TABLE `chapters_subtask`
  MODIFY `id` int NOT NULL AUTO_INCREMENT, AUTO_INCREMENT=13;

--
-- AUTO_INCREMENT для таблицы `chapters_task`
--
ALTER TABLE `chapters_task`
  MODIFY `id` int NOT NULL AUTO_INCREMENT, AUTO_INCREMENT=23;

--
-- AUTO_INCREMENT для таблицы `participants`
--
ALTER TABLE `participants`
  MODIFY `id` int NOT NULL AUTO_INCREMENT, AUTO_INCREMENT=36;

--
-- AUTO_INCREMENT для таблицы `projects`
--
ALTER TABLE `projects`
  MODIFY `id` int NOT NULL AUTO_INCREMENT, AUTO_INCREMENT=34;

--
-- AUTO_INCREMENT для таблицы `subtasks`
--
ALTER TABLE `subtasks`
  MODIFY `id` int NOT NULL AUTO_INCREMENT, AUTO_INCREMENT=35;

--
-- AUTO_INCREMENT для таблицы `tasks`
--
ALTER TABLE `tasks`
  MODIFY `id` int NOT NULL AUTO_INCREMENT, AUTO_INCREMENT=70;

--
-- AUTO_INCREMENT для таблицы `task_responsible`
--
ALTER TABLE `task_responsible`
  MODIFY `id` int NOT NULL AUTO_INCREMENT, AUTO_INCREMENT=81;

--
-- AUTO_INCREMENT для таблицы `users`
--
ALTER TABLE `users`
  MODIFY `id` int NOT NULL AUTO_INCREMENT, AUTO_INCREMENT=34;

--
-- Ограничения внешнего ключа сохраненных таблиц
--

--
-- Ограничения внешнего ключа таблицы `chapters_subtask`
--
ALTER TABLE `chapters_subtask`
  ADD CONSTRAINT `chapters_subtask_ibfk_1` FOREIGN KEY (`task_id`) REFERENCES `tasks` (`id`) ON DELETE CASCADE ON UPDATE CASCADE;

--
-- Ограничения внешнего ключа таблицы `chapters_task`
--
ALTER TABLE `chapters_task`
  ADD CONSTRAINT `chapters_task_ibfk_1` FOREIGN KEY (`project_id`) REFERENCES `projects` (`id`) ON DELETE CASCADE ON UPDATE CASCADE;

--
-- Ограничения внешнего ключа таблицы `participants`
--
ALTER TABLE `participants`
  ADD CONSTRAINT `participants_ibfk_1` FOREIGN KEY (`project_id`) REFERENCES `projects` (`id`) ON DELETE RESTRICT ON UPDATE RESTRICT,
  ADD CONSTRAINT `participants_ibfk_2` FOREIGN KEY (`user_id`) REFERENCES `users` (`id`) ON DELETE RESTRICT ON UPDATE RESTRICT;

--
-- Ограничения внешнего ключа таблицы `projects`
--
ALTER TABLE `projects`
  ADD CONSTRAINT `projects_ibfk_1` FOREIGN KEY (`creator`) REFERENCES `users` (`id`) ON DELETE RESTRICT ON UPDATE RESTRICT;

--
-- Ограничения внешнего ключа таблицы `subtasks`
--
ALTER TABLE `subtasks`
  ADD CONSTRAINT `subtasks_ibfk_1` FOREIGN KEY (`chapter_id`) REFERENCES `chapters_subtask` (`id`) ON DELETE CASCADE ON UPDATE CASCADE,
  ADD CONSTRAINT `subtasks_ibfk_2` FOREIGN KEY (`responsible`) REFERENCES `users` (`id`) ON DELETE RESTRICT ON UPDATE RESTRICT,
  ADD CONSTRAINT `subtasks_ibfk_3` FOREIGN KEY (`task_id`) REFERENCES `tasks` (`id`) ON DELETE RESTRICT ON UPDATE RESTRICT,
  ADD CONSTRAINT `subtasks_ibfk_4` FOREIGN KEY (`creator_id`) REFERENCES `users` (`id`) ON DELETE RESTRICT ON UPDATE RESTRICT;

--
-- Ограничения внешнего ключа таблицы `tasks`
--
ALTER TABLE `tasks`
  ADD CONSTRAINT `tasks_ibfk_1` FOREIGN KEY (`creator_id`) REFERENCES `users` (`id`) ON DELETE RESTRICT ON UPDATE RESTRICT,
  ADD CONSTRAINT `tasks_ibfk_2` FOREIGN KEY (`chapter_id`) REFERENCES `chapters_task` (`id`) ON DELETE CASCADE ON UPDATE CASCADE,
  ADD CONSTRAINT `tasks_ibfk_3` FOREIGN KEY (`project_id`) REFERENCES `projects` (`id`) ON DELETE CASCADE ON UPDATE CASCADE;

--
-- Ограничения внешнего ключа таблицы `task_responsible`
--
ALTER TABLE `task_responsible`
  ADD CONSTRAINT `task_responsible_ibfk_1` FOREIGN KEY (`task_id`) REFERENCES `tasks` (`id`) ON DELETE CASCADE ON UPDATE CASCADE,
  ADD CONSTRAINT `task_responsible_ibfk_2` FOREIGN KEY (`user_id`) REFERENCES `users` (`id`) ON DELETE RESTRICT ON UPDATE RESTRICT;
COMMIT;

/*!40101 SET CHARACTER_SET_CLIENT=@OLD_CHARACTER_SET_CLIENT */;
/*!40101 SET CHARACTER_SET_RESULTS=@OLD_CHARACTER_SET_RESULTS */;
/*!40101 SET COLLATION_CONNECTION=@OLD_COLLATION_CONNECTION */;
